formula,elements,formation_energy,decomposition_energy,band_gap,density,dimensionality,delta_hull
Lu7Sn23Ir6,"['Sn', 'Lu', 'Ir']",-0.4935,-0.0248,inf,10.1052,3D,0.0248
NdPaPdPtF14,"['F', 'Pd', 'Nd', 'Pt', 'Pa']",-2.9932,-1.0127,,5.3786,3D,1.0127
Dy3BiSbRh3O14,"['O', 'Rh', 'Sb', 'Dy', 'Bi']",-2.3942,-0.0233,,8.1789,3D,0.0233
DyY19(Ir3Pt)3,"['Y', 'Dy', 'Ir', 'Pt']",-0.8481,-0.0095,,8.9765,3D,0.0095
Mn6In5SnRh12,"['Mn', 'Rh', 'In', 'Sn']",-0.3578,-0.01,0.0043,9.9569,3D,0.01
Rb3La(AsO4)2,"['O', 'As', 'Rb', 'La']",-2.3964,-0.2923,3.7052,4.0983,intercalated ion,0.2923
Y8Ho12FeCo3Bi8,"['Fe', 'Co', 'Y', 'Ho', 'Bi']",-0.5569,-0.0131,,8.6255,3D,0.0131
Tb2Dy3Cr2O12,"['O', 'Cr', 'Tb', 'Dy']",-3.328,-0.0052,0.0027,7.3803,3D,0.0052
Sc2GaIr3Pt2,"['Sc', 'Ga', 'Ir', 'Pt']",-0.8833,-0.031,0.0221,14.9475,3D,0.031
Y9MgAl3Ru,"['Mg', 'Al', 'Y', 'Ru']",-0.3225,-0.0146,0.0075,4.526,intercalated ion,0.0146
Tb4Pr15HoPb16,"['Pr', 'Tb', 'Ho', 'Pb']",-0.5866,-0.0197,0.0064,8.8313,3D,0.0197
LaBe(PdPt)2,"['Be', 'Pd', 'La', 'Pt']",-0.843,-0.0365,,11.8937,,0.0365
LiHf5AlAs5Ru6,"['Li', 'Al', 'As', 'Ru', 'Hf']",-0.7948,-0.0226,0.0017,10.8687,intercalated ion,0.0226
Dy4YSn3,"['Y', 'Sn', 'Dy']",-0.7311,-0.001,0.0038,7.9259,3D,0.001
CaS2O7,"['O', 'S', 'Ca']",-2.2898,-0.0274,5.5326,2.0702,intercalated ion,0.0274
Li6PaO6,"['Li', 'O', 'Pa']",-2.6621,-0.1696,0.004,3.9255,intercalated ion,0.1696
Tb5Dy11Tl3In3Co2,"['Co', 'In', 'Tb', 'Dy', 'Tl']",-0.317,-0.0185,0.1483,9.1458,3D,0.0185
DyFeCuSi,"['Si', 'Fe', 'Cu', 'Dy']",-0.512,-0.0054,0.0017,7.8247,3D,0.0054
RbBa2IO6,"['O', 'Rb', 'I', 'Ba']",-2.128,-0.0352,2.5008,5.3553,intercalated ion,0.0352
Er3Al6Fe3Si6Ru,"['Al', 'Si', 'Fe', 'Ru', 'Er']",-0.5845,-0.0055,0.0006,6.4494,3D,0.0055
Zr6Si12RuRh5,"['Si', 'Zr', 'Ru', 'Rh']",-0.8738,-0.0227,0.0082,6.6506,3D,0.0227
Hf9Ta3AsW,"['As', 'Hf', 'Ta', 'W']",-0.2159,-0.0138,0.0015,13.5831,3D,0.0138
Dy6MgCo14(NiP4)3,"['Mg', 'P', 'Co', 'Ni', 'Dy']",-0.9525,-0.017,inf,8.1073,3D,0.017
Ho2Al9PdPtRh,"['Al', 'Rh', 'Pd', 'Ho', 'Pt']",-0.8114,-0.0504,0.0062,6.8537,3D,0.0504
Sc6Ti4Al12Ir6Rh,"['Al', 'Sc', 'Ti', 'Rh', 'Ir']",-0.8997,-0.1019,0.0013,7.0148,3D,0.1019
Th2Zn16Ag,"['Zn', 'Ag', 'Th']",-0.2293,-0.0107,0.0183,8.4178,3D,0.0107
Pr8Ti3VO20,"['O', 'Ti', 'V', 'Pr']",-3.6609,-0.0017,1.863,5.5343,3D,0.0017
Ac11SmGa12,"['Ga', 'Sm', 'Ac']",-0.5167,-0.1357,,7.9221,3D,0.1357
DyYTiO5,"['O', 'Ti', 'Y', 'Dy']",-3.8748,-0.0005,,5.733,,0.0005
AcNd3(Zn5Si)2,"['Si', 'Zn', 'Nd', 'Ac']",-0.437,-0.0494,0.0011,7.0335,3D,0.0494
LiCaCo4As3,"['Li', 'Ca', 'Co', 'As']",-0.5222,-0.0151,0.0034,6.5809,intercalated ion,0.0151
Tb3Y3(Tm3Ru2)2,"['Y', 'Ru', 'Tb', 'Tm']",-0.3402,-0.0009,0.0006,8.5857,3D,0.0009
Dy12TlCo5,"['Co', 'Dy', 'Tl']",-0.2299,-0.0409,,9.2318,3D,0.0409
Pr2MgZn(GeRh2)2,"['Mg', 'Zn', 'Ge', 'Rh', 'Pr']",-0.7647,-0.0382,0.019,8.0767,3D,0.0382
YHo3Er4(B6Ru)4,"['B', 'Y', 'Ru', 'Ho', 'Er']",-0.7024,-0.0073,0.0233,8.369,3D,0.0073
Er3Lu2ZnIn3,"['Zn', 'In', 'Er', 'Lu']",-0.4011,-0.0218,0.0013,8.9417,3D,0.0218
Dy5Zr2P12Ir5Rh12,"['P', 'Zr', 'Rh', 'Dy', 'Ir']",-1.0993,-0.076,0.0034,10.5065,3D,0.076
K2Sr3Tc2N7,"['N', 'K', 'Sr', 'Tc']",-0.7344,-0.2105,1.3298,4.0266,intercalated ion,0.2105
YTmMn12P7,"['P', 'Mn', 'Y', 'Tm']",-0.7129,-0.0157,0.0011,7.0137,3D,0.0157
Ho7Mg3(SiPb3)2,"['Mg', 'Si', 'Ho', 'Pb']",-0.4827,-0.0247,,8.9791,,0.0247
Lu4Tc6IrRu,"['Tc', 'Ru', 'Lu', 'Ir']",-0.408,-0.0101,0.0027,12.2369,3D,0.0101
Zn19Ga(Pd2Au)2,"['Zn', 'Ga', 'Pd', 'Au']",-0.2949,-0.0144,0.0131,9.0135,3D,0.0144
Y6Co14Re(P4Rh)3,"['P', 'Co', 'Y', 'Rh', 'Re']",-0.9632,-0.0249,inf,7.4717,3D,0.0249
Tb4DyCoAu2,"['Co', 'Tb', 'Dy', 'Au']",-0.525,-0.0112,0.0013,10.4038,3D,0.0112
Er8MgHgRh2,"['Mg', 'Rh', 'Er', 'Hg']",-0.4913,-0.0241,,9.5209,3D,0.0241
LiTh4Ir13,"['Li', 'Ir', 'Th']",-0.6503,-0.0419,0.0015,17.3697,intercalated ion,0.0419
CaTb2Y2Rh5,"['Ca', 'Y', 'Rh', 'Tb']",-0.7722,-0.0184,0.0041,8.5626,intercalated ion,0.0184
CaPr2(Si3Pd10)2,"['Si', 'Ca', 'Pd', 'Pr']",-0.7842,-0.0319,0.0019,9.1221,intercalated ion,0.0319
NaPrH6Ru,"['H', 'Na', 'Ru', 'Pr']",-0.5944,-0.2137,2.3465,4.7339,intercalated ion,0.2137
LaDyTm5CoI12,"['Co', 'I', 'La', 'Dy', 'Tm']",-1.473,-0.1008,0.4607,5.8125,3D,0.1008
DyHo6Co6Sn22Au,"['Co', 'Sn', 'Dy', 'Ho', 'Au']",-0.4249,-0.0019,,8.9337,3D,0.0019
MgNiAg4(RhO4)2,"['O', 'Mg', 'Ni', 'Rh', 'Ag']",-1.1351,-0.0208,0.0022,6.8127,3D,0.0208
Lu2UO6,"['O', 'Lu', 'U']",-3.9603,-0.028,,10.4243,3D,0.028
CsSc(NbCl3)6,"['Cl', 'Sc', 'Nb', 'Cs']",-1.881,-0.0023,1.0427,3.4218,intercalated ion,0.0023
LaNd15MgCo4Hg3,"['Mg', 'Co', 'La', 'Nd', 'Hg']",-0.2069,-0.0302,0.0124,7.8148,3D,0.0302
ZnCd(Ni7B2)3,"['B', 'Ni', 'Zn', 'Cd']",-0.2452,-0.0053,0.0028,8.4034,3D,0.0053
Dy7Tm(SiI6)2,"['Si', 'I', 'Dy', 'Tm']",-1.4943,-0.1307,0.0034,5.5169,3D,0.1307
Tb16Ga5HgIr2,"['Ga', 'Tb', 'Ir', 'Hg']",-0.5168,-0.0105,0.0007,9.1459,3D,0.0105
Nd4Ho(InSb)2,"['In', 'Sb', 'Nd', 'Ho']",-0.8291,-0.0182,0.0037,7.2252,3D,0.0182
La12Re(SnI4)3,"['Sn', 'I', 'La', 'Re']",-1.3341,-0.0533,inf,5.6387,3D,0.0533
TbLu(Cu2P)4,"['P', 'Cu', 'Tb', 'Lu']",-0.5284,-0.0479,0.0015,8.1069,3D,0.0479
Tb3Dy7(In3Br)2,"['Br', 'In', 'Tb', 'Dy']",-0.6976,-0.0303,,8.2173,3D,0.0303
Y7Ho(Tm3Sn4)4,"['Y', 'Sn', 'Ho', 'Tm']",-0.7425,-0.0193,0.0092,7.873,3D,0.0193
Dy2CuNi11P7,"['P', 'Ni', 'Cu', 'Dy']",-0.7421,-0.0017,0.0156,7.9468,3D,0.0017
Pr2OsRhF14,"['F', 'Rh', 'Pr', 'Os']",-3.0506,0.0002,,4.7956,,0.0002
Tb2Y2Ga18(PdRu)3,"['Ga', 'Y', 'Ru', 'Pd', 'Tb']",-0.6158,-0.0207,,8.1455,3D,0.0207
DyTm9Si5Bi,"['Si', 'Dy', 'Tm', 'Bi']",-0.6854,-0.0125,0.0019,8.7057,3D,0.0125
Tb3ErCd3Co2,"['Co', 'Cd', 'Tb', 'Er']",-0.2939,0.0007,,8.7799,,0.0007
La13PrNd2Mg2(HgRu2)2,"['Mg', 'Ru', 'La', 'Pr', 'Nd', 'Hg']",-0.2924,-0.0234,,7.1158,3D,0.0234
Tb7Ho8Th(ZnCo)4,"['Co', 'Zn', 'Tb', 'Ho', 'Th']",-0.2473,-0.0192,,9.0985,3D,0.0192
Mn7NiW4,"['Mn', 'Ni', 'W']",-0.0875,-0.0747,0.0028,13.1521,3D,0.0747
YHo2(Ga2Co3)3,"['Co', 'Ga', 'Y', 'Ho']",-0.3833,-0.0085,,8.474,,0.0085
Dy5Tm2P12Ir2Rh15,"['P', 'Rh', 'Dy', 'Tm', 'Ir']",-1.1149,-0.0697,inf,10.1042,3D,0.0697
HoEr19CoBi8Ir3,"['Co', 'Ho', 'Er', 'Ir', 'Bi']",-0.7202,-0.0466,,10.6597,3D,0.0466
Y5Sc5Si20IrPt7,"['Si', 'Sc', 'Y', 'Ir', 'Pt']",-0.8981,-0.0445,inf,6.983,3D,0.0445
TbHo11Tc3Rh,"['Tc', 'Rh', 'Tb', 'Ho']",-0.2277,-0.0386,0.0025,9.3134,3D,0.0386
Tb4Dy12MgIn3Ru4,"['Mg', 'Ru', 'In', 'Tb', 'Dy']",-0.3637,-0.0149,0.0008,8.7998,3D,0.0149
LiIn3P6N13,"['Li', 'N', 'P', 'In']",-0.5853,-0.0913,,4.1314,,0.0913
NaNd6ZnBr12,"['Na', 'Zn', 'Br', 'Nd']",-1.9853,-0.0745,0.0019,4.387,intercalated ion,0.0745
CsBa3(MoN3)2,"['N', 'Mo', 'Cs', 'Ba']",-0.8897,-0.0098,0.0067,5.4067,intercalated ion,0.0098
HoTm11Tc3Os,"['Tc', 'Ho', 'Tm', 'Os']",-0.1881,-0.0402,,10.1846,3D,0.0402
DyLuMn2F14,"['F', 'Mn', 'Dy', 'Lu']",-3.3842,-0.0692,2.4938,4.9419,3D,0.0692
Dy2Zn(BIr2)3,"['B', 'Zn', 'Dy', 'Ir']",-0.6875,-0.0357,0.0003,14.9282,3D,0.0357
Tb9Tm11(SiBi2)4,"['Si', 'Tb', 'Tm', 'Bi']",-0.7102,-0.0334,0.003,9.5381,3D,0.0334
Sm2Zn14Cu3,"['Cu', 'Zn', 'Sm']",-0.2641,-0.0254,0.0042,7.7497,3D,0.0254
Th4Al18TcIr5,"['Al', 'Tc', 'Ir', 'Th']",-0.7774,-0.1313,0.0106,8.3741,3D,0.1313
Pr3Nd9OsRu3,"['Ru', 'Pr', 'Nd', 'Os']",-0.1672,-0.0008,,7.6852,3D,0.0008
Tm9Lu(In2Bi)2,"['In', 'Tm', 'Lu', 'Bi']",-0.478,-0.0324,0.0021,9.4905,3D,0.0324
CsTbPr2CBr6,"['C', 'Br', 'Cs', 'Pr', 'Tb']",-2.0126,-0.0865,0.6829,4.694,intercalated ion,0.0865
Er3Lu13(In3Au)2,"['In', 'Er', 'Lu', 'Au']",-0.4255,-0.0079,0.0012,10.0694,3D,0.0079
Ba6Nb2NiO12,"['O', 'Ni', 'Nb', 'Ba']",-2.985,-0.0259,2.1585,6.0102,intercalated ion,0.0259
TmLu7V2(B12Rh)2,"['B', 'V', 'Rh', 'Tm', 'Lu']",-0.7103,-0.0125,,8.8139,3D,0.0125
Er16Mg2AlCdPd4,"['Mg', 'Al', 'Pd', 'Cd', 'Er']",-0.4255,-0.0197,0.0013,8.665,3D,0.0197
Ba4Tb7TmO16,"['O', 'Ba', 'Tb', 'Tm']",-3.6734,0.0003,,7.7141,,0.0003
Y2Er8Si5As,"['Si', 'As', 'Y', 'Er']",-0.7763,-0.0207,0.0034,7.5444,3D,0.0207
NdZr3Sc4(P3Ir4)4,"['P', 'Sc', 'Zr', 'Nd', 'Ir']",-0.9891,-0.059,0.007,11.9545,3D,0.059
Hf6BeAl8(Fe3Si4)2,"['Be', 'Al', 'Si', 'Fe', 'Hf']",-0.5828,-0.0208,,7.538,intercalated ion,0.0208
Ce4ReTc5Os2,"['Tc', 'Ce', 'Re', 'Os']",-0.1717,-0.0945,0.0013,11.8837,3D,0.0945
Hf3Co8ReP6,"['P', 'Co', 'Hf', 'Re']",-0.8913,-0.0313,inf,10.2145,3D,0.0313
TbDy7(ThRu2)2,"['Ru', 'Tb', 'Dy', 'Th']",-0.3691,-0.005,0.0012,9.6983,3D,0.005
Er9ScCoAg3,"['Sc', 'Co', 'Ag', 'Er']",-0.2312,-0.0272,,9.3454,3D,0.0272
DyEr4Be3P9Ir19,"['Be', 'P', 'Dy', 'Er', 'Ir']",-0.8264,-0.0856,0.0015,14.6371,intercalated ion,0.0856
GdYSiCO7,"['C', 'O', 'Si', 'Y', 'Gd']",-3.2806,-0.0351,,5.0319,3D,0.0351
Tb5Dy3(LuSn3)2,"['Sn', 'Tb', 'Dy', 'Lu']",-0.7187,-0.0073,,8.5657,3D,0.0073
La5Ho13(ThSn8)2,"['Sn', 'La', 'Ho', 'Th']",-0.7644,-0.0351,,8.1745,,0.0351
Pr4Ga10IrPd5,"['Ga', 'Pd', 'Pr', 'Ir']",-0.7836,-0.0728,0.0147,8.4374,3D,0.0728
DyEr3(Sn2O7)2,"['O', 'Sn', 'Dy', 'Er']",-3.0311,0.0001,,7.9285,,0.0001
Ca2Nb2FeNi9As7,"['Ca', 'Fe', 'Ni', 'As', 'Nb']",-0.5639,-0.0431,0.0036,7.4722,intercalated ion,0.0431
Dy18Y2(Bi3Sb)3,"['Y', 'Sb', 'Dy', 'Bi']",-0.7853,-0.0216,0.004,9.4753,3D,0.0216
ErTh3ScRu3,"['Sc', 'Ru', 'Er', 'Th']",-0.5127,-0.054,0.0042,10.8484,3D,0.054
Nd8Zn5Ga(HgRh4)2,"['Zn', 'Ga', 'Rh', 'Nd', 'Hg']",-0.6606,-0.0309,0.0059,9.1476,3D,0.0309
NdTh3Al9(Ga3Ir2)3,"['Al', 'Ga', 'Nd', 'Ir', 'Th']",-0.764,-0.0177,,9.7296,3D,0.0177
Ho10PPb6Cl,"['P', 'Cl', 'Ho', 'Pb']",-0.8518,-0.0517,0.0037,10.1519,3D,0.0517
Dy2Ho6Cd2CoRu,"['Co', 'Ru', 'Cd', 'Dy', 'Ho']",-0.3006,-0.0087,,9.2338,3D,0.0087
Tb7ZrTi5Si16W7,"['Si', 'Ti', 'Zr', 'Tb', 'W']",-0.6938,-0.09,0.0033,8.5968,3D,0.09
Y6Ho2Sc11Si16Au,"['Si', 'Sc', 'Y', 'Ho', 'Au']",-0.8276,-0.0249,0.0001,4.5556,3D,0.0249
Er3Tm7CdSb5,"['Cd', 'Sb', 'Er', 'Tm']",-0.8211,-0.0009,0.0025,9.294,3D,0.0009
HoTm2Pa(Ga3Ir)6,"['Ga', 'Ho', 'Tm', 'Ir', 'Pa']",-0.635,-0.0289,0.0027,11.0185,3D,0.0289
KSr2(SnP)6,"['P', 'K', 'Sr', 'Sn']",-0.4299,-0.0267,0.0074,4.6381,intercalated ion,0.0267
La3Nd3HoPt3,"['La', 'Nd', 'Ho', 'Pt']",-0.7799,-0.0033,0.0017,9.0151,3D,0.0033
Y6Ho10Cd4IrPd3,"['Y', 'Pd', 'Cd', 'Ho', 'Ir']",-0.4832,-0.0078,0.0011,8.1678,3D,0.0078
Ba2NaBe8TlAs8,"['Be', 'Na', 'As', 'Ba', 'Tl']",-0.4087,-0.0969,,5.0152,intercalated ion,0.0969
SmEr3Pd4F28,"['F', 'Pd', 'Sm', 'Er']",-2.8602,-0.0429,1.6713,5.1893,3D,0.0429
Ba6Pu2Fe2O13,"['O', 'Fe', 'Ba', 'Pu']",-2.897,-0.0108,,6.7027,intercalated ion,0.0108
Tb3NdNi2(B8Ir)2,"['B', 'Ni', 'Nd', 'Tb', 'Ir']",-0.6015,-0.0166,0.0018,8.3527,3D,0.0166
Er4Tm5Mg(Ni2Sb)2,"['Mg', 'Ni', 'Sb', 'Er', 'Tm']",-0.5927,-0.0126,0.0032,8.9811,3D,0.0126
CsAcZnSe3,"['Zn', 'Se', 'Cs', 'Ac']",-1.6669,-0.5439,,5.0171,intercalated ion,0.5439
EuAl4Si4PbO16,"['O', 'Al', 'Si', 'Eu', 'Pb']",-3.2596,-0.021,,3.7521,3D,0.021
Dy5Ho11Cd4Os3Pt,"['Cd', 'Dy', 'Ho', 'Os', 'Pt']",-0.3752,-0.0061,,10.1117,3D,0.0061
Nb8CdBiS16,"['S', 'Nb', 'Cd', 'Bi']",-1.327,-0.0257,0.008,4.7562,3D,0.0257
NdTa6TlS12,"['S', 'Nd', 'Ta', 'Tl']",-1.5134,-0.0719,,6.7674,,0.0719
Ho3LuSc2Bi2Rh,"['Sc', 'Rh', 'Ho', 'Lu', 'Bi']",-0.6568,-0.0228,0.0019,9.0358,3D,0.0228
Nd2Si2Pt3,"['Si', 'Nd', 'Pt']",-1.1078,0.0079,,11.535,,0.0079
Ho9Lu(Sn3P)2,"['P', 'Sn', 'Ho', 'Lu']",-0.9472,-0.0334,0.0112,8.6431,3D,0.0334
Tb5Ga7Ni12,"['Ni', 'Ga', 'Tb']",-0.5743,-0.0159,,8.8807,,0.0159
HoTmMo(SeO4)3,"['O', 'Se', 'Mo', 'Ho', 'Tm']",-2.2637,-0.034,,5.9274,3D,0.034
Li2LuSc4P12Ir17,"['Li', 'P', 'Sc', 'Lu', 'Ir']",-0.8359,-0.0715,,12.3267,intercalated ion,0.0715
Er12Tm4MgAg3Rh4,"['Mg', 'Rh', 'Ag', 'Er', 'Tm']",-0.4792,-0.015,0.0037,9.4746,3D,0.015
Tb6Dy6InCo4Os,"['Co', 'In', 'Tb', 'Dy', 'Os']",-0.2495,-0.0174,0.0028,9.3825,3D,0.0174
Dy3YTi2(NbSi2)4,"['Si', 'Ti', 'Y', 'Nb', 'Dy']",-0.7877,-0.0494,0.0015,6.4951,3D,0.0494
Nd20Si9Te7,"['Si', 'Te', 'Nd']",-1.0611,-0.0554,,6.5693,3D,0.0554
YTm2LuPt4F28,"['F', 'Y', 'Tm', 'Lu', 'Pt']",-2.9182,-0.1106,2.2481,6.1842,3D,0.1106
Ho3Er3Co16(TcP6)2,"['P', 'Co', 'Tc', 'Ho', 'Er']",-0.9723,-0.0464,0.0022,8.6877,3D,0.0464
Y6Er2Re3B24Rh,"['B', 'Y', 'Rh', 'Er', 'Re']",-0.64,-0.0091,0.0044,7.6195,3D,0.0091
Rb12AlInSb6,"['Al', 'Rb', 'In', 'Sb']",-0.4475,-0.0229,0.2866,3.6417,intercalated ion,0.0229
Pr5Nd(SnRu)4,"['Ru', 'Sn', 'Pr', 'Nd']",-0.5244,-0.01,0.0049,8.0804,3D,0.01
HoTm4Mn2O12,"['O', 'Mn', 'Ho', 'Tm']",-3.315,-0.0094,0.0032,7.9955,3D,0.0094
NaTa8PbSe16,"['Na', 'Se', 'Ta', 'Pb']",-1.1356,-0.0271,,7.4552,intercalated ion,0.0271
Sr6HoLu(BO3)6,"['B', 'O', 'Sr', 'Ho', 'Lu']",-3.3534,-0.0052,4.7074,4.8081,intercalated ion,0.0052
Ce2Nd6CdHgRu2,"['Ru', 'Cd', 'Ce', 'Nd', 'Hg']",-0.3255,-0.0454,,8.1945,3D,0.0454
Ta6Nb2Co7Si14Rh,"['Si', 'Co', 'Nb', 'Rh', 'Ta']",-0.6456,-0.0174,0.0029,9.0523,3D,0.0174
Dy3HoGa18(Co2Pd)2,"['Co', 'Ga', 'Pd', 'Dy', 'Ho']",-0.542,-0.0103,,8.5164,3D,0.0103
Dy4Tc3Os2Ru3,"['Tc', 'Ru', 'Dy', 'Os']",-0.3025,-0.0345,0.005,12.3185,3D,0.0345
Pr2Sm4Zn4Pd13,"['Zn', 'Pd', 'Pr', 'Sm']",-0.7944,-0.0385,0.0036,9.278,3D,0.0385
Dy6GaNiRu,"['Ni', 'Ga', 'Ru', 'Dy']",-0.4027,-0.0075,,9.0054,,0.0075
Ho2TmHf3(SnRh)6,"['Rh', 'Sn', 'Ho', 'Tm', 'Hf']",-0.8426,-0.0267,0.0093,10.8346,3D,0.0267
Eu2P2IrRh,"['P', 'Rh', 'Eu', 'Ir']",-1.1098,-0.1469,0.0018,8.7436,3D,0.1469
Dy3HoCu3Sb8,"['Cu', 'Sb', 'Dy', 'Ho']",-0.7404,-0.006,0.0031,8.3964,3D,0.006
Sm5DyV2(Co4P3)4,"['P', 'V', 'Co', 'Sm', 'Dy']",-0.954,-0.034,0.0003,7.9021,3D,0.034
PuNpTeCl12,"['Cl', 'Te', 'Np', 'Pu']",-1.8073,-0.16,,3.3245,intercalated ion,0.16
Ho12Si12Ru3Rh,"['Si', 'Ru', 'Rh', 'Ho']",-0.8582,-0.0215,0.011,8.1861,3D,0.0215
Y3HoPaPd15,"['Y', 'Pd', 'Ho', 'Pa']",-0.8887,-0.0358,0.0058,10.6203,3D,0.0358
Sr(CaAu)4,"['Ca', 'Sr', 'Au']",-0.7671,-0.0123,0.0026,6.8733,intercalated ion,0.0123
TbDy2Co8P6W,"['P', 'Co', 'Tb', 'Dy', 'W']",-0.9443,-0.0308,inf,9.154,3D,0.0308
Ta8Co7Si14Os,"['Si', 'Co', 'Ta', 'Os']",-0.6038,-0.0058,0.0005,10.1761,3D,0.0058
Pr8Fe(Si4Pd)3,"['Si', 'Fe', 'Pd', 'Pr']",-0.8284,-0.0007,0.0022,6.0022,3D,0.0007
Nd4CuIrAu2,"['Cu', 'Nd', 'Ir', 'Au']",-0.6483,-0.0061,0.0051,10.128,3D,0.0061
DyLuAl2(Co3B)2,"['B', 'Al', 'Co', 'Dy', 'Lu']",-0.5417,-0.0288,0.0012,8.3795,3D,0.0288
Dy8Sc11Si16Os,"['Si', 'Sc', 'Dy', 'Os']",-0.8097,-0.014,0.003,5.6595,3D,0.014
HfNbCo6B,"['B', 'Co', 'Nb', 'Hf']",-0.3529,-0.0183,0.0047,10.0801,3D,0.0183
Sm3ZnIn3HgRh,"['Zn', 'Rh', 'In', 'Sm', 'Hg']",-0.5598,-0.0186,0.0079,8.9864,3D,0.0186
BaNa4(IrN)3,"['N', 'Na', 'Ba', 'Ir']",-0.2995,-0.0497,0.0052,6.2654,intercalated ion,0.0497
Tm12Ni4HgOs,"['Ni', 'Tm', 'Os', 'Hg']",-0.3737,-0.0171,,10.4984,,0.0171
Sm2Mg(Al3Cu4)3,"['Mg', 'Al', 'Cu', 'Sm']",-0.3631,-0.061,0.0095,6.1398,3D,0.061
NdAs12OsRu3,"['As', 'Ru', 'Nd', 'Os']",-0.4265,0.0001,,8.0138,,0.0001
Tm6Si12Ni17Mo,"['Si', 'Ni', 'Mo', 'Tm']",-0.7647,-0.0117,inf,7.9695,3D,0.0117
SrDy2Y4FeI12,"['Fe', 'Sr', 'Y', 'I', 'Dy']",-1.5135,-0.0564,0.1806,4.8706,intercalated ion,0.0564
PrTh3(SbSe)4,"['Se', 'Sb', 'Pr', 'Th']",-1.5289,-0.0141,,8.3361,,0.0141
Er2Tm10TlCo5,"['Co', 'Er', 'Tm', 'Tl']",-0.2677,-0.0715,,10.0265,,0.0715
Tb3Y9Tc3Ir,"['Y', 'Tc', 'Tb', 'Ir']",-0.2134,-0.0215,0.0017,6.7323,3D,0.0215
Ho19Er(Bi5Sb)2,"['Sb', 'Ho', 'Er', 'Bi']",-0.7354,-0.0209,0.0052,10.0927,3D,0.0209
TbY5Ho10(CdPt)4,"['Y', 'Cd', 'Tb', 'Ho', 'Pt']",-0.6182,-0.008,,9.019,3D,0.008
YEr3GeBi5Rh7,"['Ge', 'Y', 'Rh', 'Er', 'Bi']",-0.6757,-0.0341,0.0148,11.4001,3D,0.0341
HoTm6Lu(Si4Mo3)4,"['Si', 'Mo', 'Ho', 'Tm', 'Lu']",-0.6964,-0.0044,0.002,8.1992,3D,0.0044
Tb14Ho2Cd4Co3Os,"['Co', 'Cd', 'Tb', 'Ho', 'Os']",-0.2547,-0.0024,0.0051,9.0582,3D,0.0024
TbDy5Ho2(ReC2)4,"['C', 'Tb', 'Dy', 'Ho', 'Re']",-0.4223,0.0001,,10.7015,3D,0.0001
Tb6PrEr(Si3Pd)4,"['Si', 'Pd', 'Pr', 'Tb', 'Er']",-0.8991,-0.0068,0.0019,7.034,3D,0.0068
LaNdCo2(NiAs2)2,"['Co', 'Ni', 'As', 'La', 'Nd']",-0.8112,-0.0103,0.0062,8.0695,3D,0.0103
Be11Si(NiRh)6,"['Be', 'Si', 'Ni', 'Rh']",-0.617,-0.009,0.0161,7.5289,intercalated ion,0.009
Ho8Er4Ni4SnPd,"['Ni', 'Pd', 'Sn', 'Ho', 'Er']",-0.4472,-0.0112,,9.2656,3D,0.0112
Tb(Lu3Sn2)3,"['Sn', 'Tb', 'Lu']",-0.6793,-0.0025,0.0016,9.4645,3D,0.0025
Er2Tm4TcIr,"['Tc', 'Er', 'Tm', 'Ir']",-0.3931,-0.0306,0.0061,10.489,3D,0.0306
HoEr3(Ta3Ge4)2,"['Ge', 'Ho', 'Er', 'Ta']",-0.6461,-0.0665,0.0012,11.529,3D,0.0665
Er3Ga5Rh,"['Ga', 'Rh', 'Er']",-0.7582,-0.0441,,8.9919,3D,0.0441
Pr15Er5Pb16,"['Pr', 'Er', 'Pb']",-0.5808,-0.0241,,8.9878,3D,0.0241
Sr14IrAu5,"['Sr', 'Ir', 'Au']",-0.4822,-0.0159,0.0096,5.237,intercalated ion,0.0159
TbCe2Y2CoBi2,"['Co', 'Y', 'Ce', 'Tb', 'Bi']",-0.5742,-0.0526,,8.2303,3D,0.0526
Y5Ho3Tc2(B12Os)2,"['B', 'Y', 'Tc', 'Ho', 'Os']",-0.6637,-0.064,0.0161,7.597,3D,0.064
Dy3Bi(OsO4)4,"['O', 'Dy', 'Os', 'Bi']",-2.3022,-0.0535,0.0005,9.2937,3D,0.0535
Tb4Cr3PtF28,"['F', 'Cr', 'Tb', 'Pt']",-3.3378,-0.0302,0.9203,4.8958,3D,0.0302
LiLu3(Ni4P3)2,"['Li', 'P', 'Ni', 'Lu']",-0.9683,-0.0585,0.0033,8.1942,3D,0.0585
BaMgMn3O8,"['O', 'Mg', 'Mn', 'Ba']",-2.3163,-0.0242,1.8665,3.916,intercalated ion,0.0242
Tm2LuHgC,"['C', 'Tm', 'Lu', 'Hg']",-0.4303,-0.023,0.0013,10.8633,3D,0.023
Sr20(Ag3Hg)3,"['Sr', 'Ag', 'Hg']",-0.31,-0.0148,0.0044,4.708,intercalated ion,0.0148
CaAc3(PbAu2)2,"['Ca', 'Au', 'Pb', 'Ac']",-0.7547,-0.1614,0.0112,10.9561,intercalated ion,0.1614
NdYLu(Al3Ni2)3,"['Al', 'Ni', 'Y', 'Nd', 'Lu']",-0.6545,-0.0122,0.0061,5.7792,3D,0.0122
NpBi6(TeO9)2,"['O', 'Te', 'Bi', 'Np']",-1.9265,-0.0819,,7.9158,,0.0819
K9Rb7(PbSe4)4,"['K', 'Se', 'Rb', 'Pb']",-1.1279,-0.0147,,3.5759,,0.0147
PaTi3F15,"['F', 'Ti', 'Pa']",-3.7282,-0.8166,0.0015,3.2571,3D,0.8166
Tb2YTm3(Al3Os)8,"['Al', 'Y', 'Tb', 'Tm', 'Os']",-0.587,0.0,,7.937,,0.0
NaPb4ClO4,"['O', 'Na', 'Cl', 'Pb']",-1.5997,-0.0022,2.3823,6.6431,intercalated ion,0.0022
Li8La7DySn7Bi,"['Li', 'Sn', 'La', 'Dy', 'Bi']",-0.6938,-0.064,0.0045,5.8465,intercalated ion,0.064
Dy4NiB16Ir3,"['B', 'Ni', 'Dy', 'Ir']",-0.6127,-0.0383,0.0031,9.3207,3D,0.0383
Ho4FeSi4Ir,"['Si', 'Fe', 'Ho', 'Ir']",-0.8434,-0.0171,0.0027,8.8372,3D,0.0171
NdHo9Cd4(InPd)4,"['Pd', 'Cd', 'In', 'Nd', 'Ho']",-0.6274,-0.0074,0.0037,9.1459,3D,0.0074
Y6Al41Cr6,"['Al', 'Cr', 'Y']",-0.2817,-0.008,,3.5967,,0.008
SrLaPt4,"['Sr', 'La', 'Pt']",-0.9757,-0.0114,,13.7042,3D,0.0114
La2PtN2,"['N', 'La', 'Pt']",-1.4074,-0.1467,0.0252,9.2091,3D,0.1467
Ca8SmLu(Sn3H)2,"['H', 'Ca', 'Sn', 'Sm', 'Lu']",-0.6974,-0.0073,0.0404,4.5934,intercalated ion,0.0073
YEr9Cd3Fe,"['Fe', 'Y', 'Cd', 'Er']",-0.1808,-0.0264,0.0001,8.7762,3D,0.0264
Dy2YSn3Rh2Au,"['Y', 'Rh', 'Sn', 'Dy', 'Au']",-0.9058,-0.0311,0.0045,9.8944,3D,0.0311
Ba2MnFe5(PO4)6,"['O', 'P', 'Mn', 'Fe', 'Ba']",-2.5907,-0.0006,,3.9551,,0.0006
NaLa6PtI12,"['Na', 'I', 'La', 'Pt']",-1.6918,-0.0355,inf,4.8346,intercalated ion,0.0355
Pr7PaZn8(IrRh3)2,"['Zn', 'Rh', 'Pr', 'Ir', 'Pa']",-0.6426,-0.0288,,9.2031,3D,0.0288
Er9LuBiPb5,"['Er', 'Lu', 'Pb', 'Bi']",-0.5357,-0.006,0.0039,10.6438,3D,0.006
Y4Lu16Cd6TcRu,"['Y', 'Tc', 'Ru', 'Cd', 'Lu']",-0.248,-0.0314,inf,8.9426,3D,0.0314
DyLu2Zr3(SnIr)6,"['Zr', 'Sn', 'Dy', 'Lu', 'Ir']",-0.8106,-0.0335,,12.0561,3D,0.0335
Cs5Rb3(SnI6)2,"['Rb', 'Sn', 'I', 'Cs']",-1.5111,-0.0371,3.018,3.884,intercalated ion,0.0371
Y4Al18Ir2Pt3Rh,"['Al', 'Y', 'Rh', 'Ir', 'Pt']",-0.8881,-0.0669,0.0543,6.7069,3D,0.0669
LuPPd3Pt2,"['P', 'Pd', 'Lu', 'Pt']",-0.848,-0.0172,,13.4739,3D,0.0172
HoErNbB2Ru5,"['B', 'Nb', 'Ru', 'Ho', 'Er']",-0.4976,-0.0312,0.004,10.8506,3D,0.0312
Ga4Ir4Se5S7,"['S', 'Ga', 'Se', 'Ir']",-0.8067,-0.0212,1.5426,6.0946,3D,0.0212
SmTm3Mo4F28,"['F', 'Mo', 'Sm', 'Tm']",-3.5283,-0.166,,4.7817,,0.166
Dy7Er13Ir11Os,"['Dy', 'Er', 'Os', 'Ir']",-0.8049,-0.006,0.0038,12.5015,3D,0.006
PrY2Sn6Ru,"['Y', 'Ru', 'Sn', 'Pr']",-0.6002,-0.0257,0.0041,7.2714,3D,0.0257
Nb6Al6TcOs11,"['Al', 'Nb', 'Tc', 'Os']",-0.4355,-0.0048,0.0009,13.2484,3D,0.0048
Sm4Al5Ir9,"['Al', 'Sm', 'Ir']",-0.8707,-0.0928,,12.7608,3D,0.0928
CeNd3(B2Ir5)2,"['B', 'Ce', 'Nd', 'Ir']",-0.7109,-0.0232,0.0017,14.9229,3D,0.0232
Sc11FeRh3,"['Sc', 'Fe', 'Rh']",-0.4894,-0.0198,0.0028,4.7739,3D,0.0198
YLuAl8Co3Si,"['Al', 'Si', 'Co', 'Y', 'Lu']",-0.5782,-0.0184,0.0143,5.3117,3D,0.0184
Pr14Nd3(LuGa4)3,"['Ga', 'Pr', 'Nd', 'Lu']",-0.4645,-0.0133,0.0066,6.9152,3D,0.0133
Li2Hf3AlRh6,"['Li', 'Al', 'Rh', 'Hf']",-0.8496,-0.0229,0.003,10.7497,intercalated ion,0.0229
DyLu15Tl2(In2Co)2,"['Co', 'In', 'Dy', 'Lu', 'Tl']",-0.3382,-0.0205,0.0149,10.1165,3D,0.0205
Ho12Al3Si5Rh8,"['Al', 'Si', 'Rh', 'Ho']",-0.9304,-0.0263,0.0046,8.7298,3D,0.0263
Ca3Nd2Si12Ir19,"['Si', 'Ca', 'Nd', 'Ir']",-0.8719,-0.1188,0.0083,12.6544,intercalated ion,0.1188
NdEu3(Tc2O7)2,"['O', 'Tc', 'Nd', 'Eu']",-2.6231,-0.0846,0.0008,6.9022,3D,0.0846
Y20Ag3Ru2Au3,"['Y', 'Ru', 'Ag', 'Au']",-0.3815,-0.0155,0.0016,6.3434,3D,0.0155
Tb6Zr7Al9Os7,"['Al', 'Zr', 'Tb', 'Os']",-0.56,-0.0561,,9.224,,0.0561
Tb3NdTm2CoBr10,"['Co', 'Br', 'Nd', 'Tb', 'Tm']",-1.9329,-0.0796,0.1035,5.4528,3D,0.0796
Sc2Cd(Ni10P3)2,"['P', 'Sc', 'Ni', 'Cd']",-0.5393,-0.0356,0.0128,7.4612,3D,0.0356
Tb2Y3ErAl18,"['Al', 'Y', 'Tb', 'Er']",-0.4352,-0.0013,0.0025,4.3833,3D,0.0013
K2CaZr3Se8,"['K', 'Ca', 'Se', 'Zr']",-1.7304,-0.0825,,3.8494,,0.0825
TbEr4Tl3InPt2,"['In', 'Tb', 'Er', 'Pt', 'Tl']",-0.729,-0.0248,0.0017,11.9053,3D,0.0248
Dy7HoTm8(Ga3Co)2,"['Co', 'Ga', 'Dy', 'Ho', 'Tm']",-0.4153,-0.0018,0.0161,8.9505,3D,0.0018
Tb5Dy4Y3Ni4,"['Ni', 'Y', 'Tb', 'Dy']",-0.2415,-0.0067,0.0056,7.7423,3D,0.0067
NpU(BN)2,"['B', 'N', 'U', 'Np']",-1.1295,-0.0112,0.0012,12.4774,3D,0.0112
Nd6Sm2Er12Si15Ag,"['Si', 'Ag', 'Nd', 'Sm', 'Er']",-0.7262,-0.0383,,7.1932,3D,0.0383
Tb3Dy5InHgRh2,"['Rh', 'In', 'Tb', 'Dy', 'Hg']",-0.5445,-0.017,0.0029,9.4676,3D,0.017
TbNd3Tc4F28,"['F', 'Tc', 'Nd', 'Tb']",-3.3586,-0.0756,1.641,4.4407,3D,0.0756
SmMg2PaRh2,"['Mg', 'Rh', 'Sm', 'Pa']",-0.5919,-0.1105,0.0028,8.1857,3D,0.1105
Ho18Er2Sn9Pb7,"['Sn', 'Ho', 'Er', 'Pb']",-0.6405,-0.0126,inf,9.3964,3D,0.0126
LaEuNi2(Sn2Pd)2,"['Ni', 'Pd', 'Sn', 'La', 'Eu']",-0.6629,-0.0172,0.0018,8.3663,3D,0.0172
TbSm3VTc3B16,"['B', 'V', 'Tc', 'Sm', 'Tb']",-0.6141,-0.0525,0.0045,7.3862,3D,0.0525
AcAl4Au3,"['Al', 'Au', 'Ac']",-0.6251,-0.1441,0.015,9.1699,3D,0.1441
AgSeBr18,"['Se', 'Br', 'Ag']",-0.6399,-0.4215,,3.292,3D,0.4215
Y7Ho13Ir11Os,"['Y', 'Ho', 'Os', 'Ir']",-0.7781,-0.0048,0.0053,11.1866,3D,0.0048
PrHfPaN4,"['N', 'Pr', 'Hf', 'Pa']",-1.7853,-0.2276,,9.1882,3D,0.2276
TaNi14Sn4Ir,"['Ni', 'Sn', 'Ta', 'Ir']",-0.2486,-0.0057,0.0027,10.6257,3D,0.0057
Dy3(HoC2)5,"['C', 'Dy', 'Ho']",-0.3316,0.0009,0.0069,8.312,3D,0.0009
Dy3In4NiPt,"['Ni', 'In', 'Dy', 'Pt']",-0.6792,-0.0305,0.0199,9.8259,3D,0.0305
Tb3DyVPt3F28,"['F', 'V', 'Tb', 'Dy', 'Pt']",-3.1153,-0.0092,1.9779,5.7134,3D,0.0092
La4Au3O4,"['O', 'La', 'Au']",-2.686,-0.0324,0.0045,8.4692,3D,0.0324
Y9Cd(Sn3Se)2,"['Se', 'Y', 'Cd', 'Sn']",-1.033,-0.0228,0.0004,6.1557,3D,0.0228
La2Nd14Cd4NiPt3,"['Ni', 'Cd', 'La', 'Nd', 'Pt']",-0.4676,-0.0042,0.0031,7.9138,3D,0.0042
Lu3Hf5Pt4,"['Lu', 'Hf', 'Pt']",-0.8999,-0.0375,0.0041,14.151,3D,0.0375
Ho3Tm2OsRu,"['Ru', 'Ho', 'Tm', 'Os']",-0.3502,-0.0081,0.0005,10.5643,3D,0.0081
Ho8Ti9Re2Si16Rh,"['Si', 'Ti', 'Rh', 'Ho', 'Re']",-0.8018,-0.008,inf,7.1711,3D,0.008
ZrSc3(VRe3)2,"['Sc', 'V', 'Zr', 'Re']",-0.3538,-0.0405,0.0062,11.652,3D,0.0405
Ca3Ho2Sc(Si3Ru)8,"['Si', 'Ca', 'Sc', 'Ru', 'Ho']",-0.5795,-0.0146,0.0115,5.3484,intercalated ion,0.0146
Ta8Fe8Si13P,"['Si', 'P', 'Fe', 'Ta']",-0.5773,-0.0204,,9.6819,,0.0204
La5TaMoO12,"['O', 'Mo', 'La', 'Ta']",-3.5786,-0.0066,1.8396,6.4068,3D,0.0066
Er5Tm3(Nb3Si4)4,"['Si', 'Nb', 'Er', 'Tm']",-0.7924,-0.0879,0.0039,7.4918,3D,0.0879
Ti3Co16Si7W3,"['Si', 'Ti', 'Co', 'W']",-0.4919,-0.03,0.0007,9.0018,3D,0.03
Tb16InAg3Ir4,"['Ag', 'In', 'Tb', 'Ir']",-0.5159,-0.0118,0.003,9.8297,3D,0.0118
Ta14Ti(NbAl2)5,"['Al', 'Ti', 'Nb', 'Ta']",-0.2669,-0.0036,0.0009,10.6625,3D,0.0036
HoTm(ScSb5)2,"['Sc', 'Sb', 'Ho', 'Tm']",-0.6878,-0.0372,0.0121,7.1473,3D,0.0372
Pr17Tm3Si15As,"['Si', 'As', 'Pr', 'Tm']",-0.7222,-0.0254,inf,5.9913,3D,0.0254
HoTm3(SiPt2)4,"['Si', 'Ho', 'Tm', 'Pt']",-1.177,-0.0001,0.0024,13.9952,3D,0.0001
PrY3(WO6)2,"['O', 'Y', 'Pr', 'W']",-3.2764,-0.0141,3.6062,6.7015,3D,0.0141
Cs(SnS2)8,"['S', 'Sn', 'Cs']",-0.7785,-0.0104,,3.3162,intercalated ion,0.0104
TaTi2Fe4MoP4,"['P', 'Ti', 'Fe', 'Mo', 'Ta']",-0.9087,-0.0193,0.0159,8.044,3D,0.0193
TbZr(Re2Si)4,"['Si', 'Zr', 'Tb', 'Re']",-0.448,-0.0672,0.01,13.6785,3D,0.0672
CePr4USe10,"['Se', 'Ce', 'Pr', 'U']",-2.0233,-0.0156,0.0141,6.7518,3D,0.0156
NdYIn6,"['Y', 'In', 'Nd']",-0.4397,0.001,,7.4384,,0.001
Ba6Li2Ag19Hg3,"['Li', 'Ag', 'Ba', 'Hg']",-0.2734,-0.021,0.0044,7.8256,intercalated ion,0.021
CaPrTh(Si3Pd10)2,"['Si', 'Ca', 'Pd', 'Pr', 'Th']",-0.8034,-0.0462,,9.4542,,0.0462
TbHo2RuI3,"['Ru', 'I', 'Tb', 'Ho']",-1.1956,-0.0728,0.0518,7.0238,2D,0.0728
Pr10Nd2Ir3AuBr12,"['Br', 'Pr', 'Nd', 'Ir', 'Au']",-1.6695,-0.0434,0.0102,6.1953,intercalated ion,0.0434
AlCr20(ReC3)2,"['C', 'Al', 'Cr', 'Re']",-0.1366,-0.0387,0.0054,8.3313,3D,0.0387
TbEr11ZnCo4Pb,"['Co', 'Zn', 'Tb', 'Er', 'Pb']",-0.291,-0.0296,,9.5282,3D,0.0296
U2VReC4,"['C', 'V', 'Re', 'U']",-0.3187,-0.0392,0.0022,13.0563,3D,0.0392
Ho4CrFeC4,"['C', 'Cr', 'Fe', 'Ho']",-0.3186,-0.0283,0.0028,8.8115,3D,0.0283
Hf2CrB2Ru5,"['B', 'Cr', 'Ru', 'Hf']",-0.5612,-0.0554,0.0019,11.7359,3D,0.0554
SmErTm3(In2Pt)2,"['In', 'Sm', 'Er', 'Tm', 'Pt']",-0.813,-0.0043,0.005,10.4027,3D,0.0043
Ti2SiH,"['H', 'Si', 'Ti']",-0.7423,-0.0484,0.0149,4.273,3D,0.0484
Tm4Mn5Ga3O20,"['O', 'Mn', 'Ga', 'Tm']",-2.7134,-0.0049,,6.8233,3D,0.0049
Sr2YLu(Pt2O7)2,"['O', 'Sr', 'Y', 'Lu', 'Pt']",-2.1515,-0.0664,0.0036,8.473,intercalated ion,0.0664
Dy3Er6TmPb8,"['Dy', 'Er', 'Tm', 'Pb']",-0.5118,-0.0087,,10.5181,,0.0087
La8Nd6IrPd5,"['Pd', 'La', 'Nd', 'Ir']",-0.5248,-0.0049,,7.459,3D,0.0049
Pr10Si16Au,"['Si', 'Pr', 'Au']",-0.6672,-0.0618,0.0084,5.599,3D,0.0618
Dy5Tm7ZnCo4Sn,"['Co', 'Zn', 'Sn', 'Dy', 'Tm']",-0.3207,-0.0321,0.0026,9.2466,3D,0.0321
Sr2Al(AsPd2)6,"['Al', 'As', 'Sr', 'Pd']",-0.6542,-0.0272,0.0011,8.6231,intercalated ion,0.0272
Nd2Dy6In3Fe,"['Fe', 'In', 'Nd', 'Dy']",-0.2818,-0.0086,0.0009,8.2351,3D,0.0086
Dy3Al12FeRu2Rh,"['Al', 'Fe', 'Ru', 'Rh', 'Dy']",-0.661,-0.0077,0.0013,6.1688,3D,0.0077
Pa4Re3B16Os,"['B', 'Re', 'Os', 'Pa']",-0.6136,-0.332,,12.0777,3D,0.332
Pr3YMo(WN4)3,"['N', 'Y', 'Mo', 'Pr', 'W']",-1.1421,-0.1845,2.2067,6.828,3D,0.1845
Hf4Zr6Sn6P,"['P', 'Zr', 'Sn', 'Hf']",-0.6924,-0.0517,0.0035,8.9764,3D,0.0517
Sc3In3HgRh,"['Sc', 'Rh', 'In', 'Hg']",-0.5521,-0.0201,,7.461,3D,0.0201
Cs(MnSe2)2,"['Mn', 'Se', 'Cs']",-0.9317,-0.121,,4.5448,intercalated ion,0.121
Tb7Nd2Ho(In2Pt)4,"['In', 'Nd', 'Tb', 'Ho', 'Pt']",-0.8075,-0.0061,0.0011,9.7615,3D,0.0061
La18Nd2Si15P,"['Si', 'P', 'La', 'Nd']",-0.7204,-0.017,,5.3963,,0.017
Dy4CuNi3Hg2,"['Ni', 'Cu', 'Dy', 'Hg']",-0.4556,-0.0184,0.0002,10.7373,3D,0.0184
Nd3Y(ZrPt)4,"['Y', 'Zr', 'Nd', 'Pt']",-0.8069,-0.0243,0.0082,9.5695,3D,0.0243
Dy3Lu5(TcB6)4,"['B', 'Tc', 'Dy', 'Lu']",-0.7158,-0.1242,0.0148,8.8098,3D,0.1242
Ca2Tm(B3Rh4)2,"['B', 'Ca', 'Rh', 'Tm']",-0.6605,-0.0007,0.0009,8.1422,intercalated ion,0.0007
Zr8Ta3Si16W9,"['Si', 'Zr', 'Ta', 'W']",-0.6175,-0.0505,0.0019,9.7009,3D,0.0505
NaAsPbO4,"['O', 'Na', 'As', 'Pb']",-1.8869,-0.0162,3.1846,5.2955,intercalated ion,0.0162
Tb3Sm3(Sn3Hg2)2,"['Sn', 'Sm', 'Tb', 'Hg']",-0.6101,-0.0244,,9.5865,3D,0.0244
YEr4Tl3InPd2,"['Y', 'Pd', 'In', 'Er', 'Tl']",-0.6157,-0.034,0.001,10.4268,3D,0.034
Hf3ZrIn4Co2Hg,"['Co', 'Zr', 'In', 'Hf', 'Hg']",-0.2973,-0.0422,0.0065,10.341,3D,0.0422
Lu4As6Ir4Ru3,"['As', 'Ru', 'Lu', 'Ir']",-0.8506,-0.0464,0.0071,12.8676,3D,0.0464
PrNd3Cu2(SeO3)8,"['O', 'Cu', 'Se', 'Pr', 'Nd']",-2.0053,-0.0296,0.5376,4.692,3D,0.0296
Dy2ErLu3CoTe2,"['Co', 'Te', 'Dy', 'Er', 'Lu']",-0.7762,-0.0189,,9.6651,3D,0.0189
Ho6Tm2Sc11Si16Rh,"['Si', 'Sc', 'Rh', 'Ho', 'Tm']",-0.83,-0.0036,,5.5231,3D,0.0036
Eu2DyGa8Ag3,"['Ga', 'Ag', 'Eu', 'Dy']",-0.4572,-0.026,0.0013,7.8961,3D,0.026
Ce2Dy(InNi)3,"['Ni', 'In', 'Ce', 'Dy']",-0.4713,-0.0052,0.0009,8.572,3D,0.0052
NdSc9(Si5Ir2)4,"['Si', 'Sc', 'Nd', 'Ir']",-0.8682,-0.0033,0.002,6.8842,3D,0.0033
DySc7Ta12Si15Ge,"['Si', 'Sc', 'Ge', 'Dy', 'Ta']",-0.7621,-0.0819,,8.5247,3D,0.0819
HoTm7Al4,"['Al', 'Ho', 'Tm']",-0.2946,-0.0197,0.0015,7.935,3D,0.0197
TbPa7(BiPt2)4,"['Tb', 'Pt', 'Bi', 'Pa']",-0.8363,-0.1801,,14.9559,,0.1801
Pm2ZnCd2Pt3,"['Zn', 'Cd', 'Pm', 'Pt']",-0.7191,-0.0811,0.0125,11.4053,3D,0.0811
Y2Er8Cd3Ni,"['Ni', 'Y', 'Cd', 'Er']",-0.2403,-0.007,0.001,8.265,3D,0.007
Tb3Nd12Dy(CdCo)4,"['Co', 'Cd', 'Nd', 'Tb', 'Dy']",-0.2002,-0.0281,0.0111,7.7447,3D,0.0281
Ho7ErIn3Ru,"['Ru', 'In', 'Ho', 'Er']",-0.3925,-0.0255,0.0032,9.0283,3D,0.0255
HoTh2ScAl2Ir3,"['Al', 'Sc', 'Ho', 'Ir', 'Th']",-0.9283,-0.0184,0.0154,11.4099,3D,0.0184
Hf8TaTi8Nb3Ge16,"['Ti', 'Ge', 'Nb', 'Hf', 'Ta']",-0.737,-0.0654,0.0029,9.2784,3D,0.0654
Cd12PtAu3,"['Cd', 'Pt', 'Au']",-0.1651,-0.0203,0.0047,9.9341,3D,0.0203
Cr7GaPt16,"['Cr', 'Ga', 'Pt']",-0.2775,-0.016,,16.3442,3D,0.016
Li3La5Nd3Si12Pd,"['Li', 'Si', 'Pd', 'La', 'Nd']",-0.7172,-0.0257,0.0057,5.1108,intercalated ion,0.0257
HfZr3(VAs)4,"['V', 'As', 'Zr', 'Hf']",-0.8319,-0.0663,0.001,7.9471,3D,0.0663
YLu19Cd6ReOs,"['Y', 'Cd', 'Lu', 'Re', 'Os']",-0.2244,-0.0249,,9.9735,3D,0.0249
LiMg(Sc2Pt5)2,"['Li', 'Mg', 'Sc', 'Pt']",-1.0709,-0.0444,,13.8747,,0.0444
TbHo2CoSn6,"['Co', 'Sn', 'Tb', 'Ho']",-0.5477,-0.0196,,8.5755,3D,0.0196
Nd3Th(Si5Os3)2,"['Si', 'Nd', 'Os', 'Th']",-0.7138,-0.0338,0.0088,9.9624,3D,0.0338
TbPrSm2(MoO4)6,"['O', 'Mo', 'Pr', 'Sm', 'Tb']",-2.6401,-0.0045,3.5917,4.1432,3D,0.0045
Y7Ho13Sn15Sb,"['Y', 'Sn', 'Sb', 'Ho']",-0.777,-0.0102,inf,7.6581,3D,0.0102
La4Nd(B3Ru)2,"['B', 'Ru', 'La', 'Nd']",-0.4599,-0.0068,0.0032,7.1114,3D,0.0068
Er4Sc2AlGaPt4,"['Al', 'Sc', 'Ga', 'Er', 'Pt']",-1.0968,-0.0172,0.0081,10.8207,3D,0.0172
Pr10AlSi4Au,"['Al', 'Si', 'Pr', 'Au']",-0.5394,-0.0236,0.0021,6.398,3D,0.0236
Tm3Mn4Co5P6,"['P', 'Mn', 'Co', 'Tm']",-0.9247,-0.0308,0.0013,8.4452,3D,0.0308
AcLa16Pr3Sn16,"['Sn', 'La', 'Pr', 'Ac']",-0.7792,-0.0176,,6.5714,3D,0.0176
Ho5Lu3In4,"['In', 'Ho', 'Lu']",-0.3423,-0.0035,,9.0209,3D,0.0035
Sm3Dy(Fe2Cl)2,"['Cl', 'Fe', 'Sm', 'Dy']",-0.7941,-0.057,0.004,6.9875,3D,0.057
Hf3Ti2Ir2Pd,"['Ti', 'Pd', 'Hf', 'Ir']",-0.7494,-0.0271,0.0024,13.0112,3D,0.0271
NdY3B4I5,"['B', 'Y', 'I', 'Nd']",-1.2081,-0.0611,0.0213,4.6917,3D,0.0611
DyTh(BOs)4,"['B', 'Dy', 'Os', 'Th']",-0.4972,-0.0081,0.0071,13.2135,3D,0.0081
LiNd(ZnSn)2,"['Li', 'Zn', 'Sn', 'Nd']",-0.4567,-0.0097,0.0245,6.426,intercalated ion,0.0097
LiHo16InHg2IrPt3,"['Li', 'In', 'Ho', 'Ir', 'Pt', 'Hg']",-0.6062,-0.0159,,10.4039,,0.0159
Nd17Lu3SnPb15,"['Sn', 'Nd', 'Lu', 'Pb']",-0.5861,-0.0161,,8.9829,,0.0161
NaDy6RuI12,"['Na', 'Ru', 'I', 'Dy']",-1.5035,-0.0847,0.312,5.5635,intercalated ion,0.0847
Y12Er8Si15Hg,"['Si', 'Y', 'Er', 'Hg']",-0.7404,-0.0032,0.0007,6.0126,3D,0.0032
Tb3ErGa18(NiIr2)2,"['Ni', 'Ga', 'Tb', 'Er', 'Ir']",-0.6285,-0.0034,0.0049,9.8867,3D,0.0034
Tb3Tm(TcB6)2,"['B', 'Tc', 'Tb', 'Tm']",-0.6621,-0.1154,0.0125,8.2443,3D,0.1154
Ce2PuNi3Sb4,"['Ni', 'Sb', 'Ce', 'Pu']",-0.8523,-0.0939,0.0012,9.1608,3D,0.0939
Er4Pa4Ti9Si16W3,"['Si', 'Ti', 'Er', 'W', 'Pa']",-0.727,-0.1171,,7.9944,3D,0.1171
DyY(BIr)8,"['B', 'Y', 'Dy', 'Ir']",-0.5611,-0.0255,,13.3758,3D,0.0255
Dy12AlZn11C4,"['C', 'Al', 'Zn', 'Dy']",-0.4008,-0.0312,0.0091,8.342,3D,0.0312
Pr2DyEr5(CdPt)2,"['Cd', 'Pr', 'Dy', 'Er', 'Pt']",-0.605,-0.0012,0.0076,9.7042,3D,0.0012
LiHf5(TcAs)6,"['Li', 'As', 'Tc', 'Hf']",-0.7056,-0.0814,0.0056,10.9029,intercalated ion,0.0814
AlSi4Tc3,"['Al', 'Si', 'Tc']",-0.6099,-0.0762,0.0062,6.7253,3D,0.0762
NdYP2(Ru2C)2,"['C', 'P', 'Y', 'Ru', 'Nd']",-0.6554,-0.0114,0.0165,7.9373,3D,0.0114
Dy7Tm3(Bi2Ir)2,"['Dy', 'Tm', 'Ir', 'Bi']",-0.7845,-0.0376,0.0076,10.6005,3D,0.0376
V6Si6Tc11Ir,"['Si', 'V', 'Tc', 'Ir']",-0.5412,-0.0147,0.0039,8.9791,3D,0.0147
Eu2GaPdRh2,"['Ga', 'Rh', 'Pd', 'Eu']",-0.7121,-0.1175,0.0009,9.8939,3D,0.1175
Tb5HoSbO12,"['O', 'Sb', 'Tb', 'Ho']",-3.5609,-0.0023,0.0006,7.9674,3D,0.0023
TbRe2(TcGe)2,"['Ge', 'Tc', 'Tb', 'Re']",-0.3633,-0.085,0.0161,11.8321,3D,0.085
Eu5CuNi2,"['Ni', 'Cu', 'Eu']",-0.1744,-0.1052,,7.2865,3D,0.1052
PrSmPt10,"['Pr', 'Sm', 'Pt']",-0.6849,-0.0366,0.0028,16.4516,3D,0.0366
Ho5Lu3Ta11TiSi16,"['Si', 'Ti', 'Ho', 'Lu', 'Ta']",-0.7407,-0.0614,inf,10.0083,3D,0.0614
La4Nd6RuRh3,"['Ru', 'Rh', 'La', 'Nd']",-0.4414,-0.0118,0.0108,7.3088,3D,0.0118
La12Tc3PBr12,"['P', 'Br', 'Tc', 'La']",-1.6234,-0.0778,0.0018,5.2294,3D,0.0778
Tb6AlGe3Ru4,"['Al', 'Ge', 'Ru', 'Tb']",-0.6754,-0.0427,0.0005,8.9932,3D,0.0427
HoEr2Ga5Rh,"['Ga', 'Rh', 'Ho', 'Er']",-0.7586,-0.0409,,8.9461,,0.0409
La10Al3InRu6,"['Al', 'Ru', 'In', 'La']",-0.4446,-0.017,,7.2306,,0.017
Tb3Dy2(GaSb)2,"['Ga', 'Sb', 'Tb', 'Dy']",-0.8753,-0.0102,0.0022,8.0389,3D,0.0102
Nd2Zn20CuPt,"['Cu', 'Zn', 'Nd', 'Pt']",-0.2915,-0.0112,0.0176,7.9539,3D,0.0112
KSnGePd3,"['K', 'Ge', 'Pd', 'Sn']",-0.49,-0.0368,0.0124,7.255,intercalated ion,0.0368
Nd12B(PBr4)3,"['B', 'P', 'Br', 'Nd']",-1.8386,-0.1639,0.0163,5.5851,3D,0.1639
Zr10BiPb7,"['Zr', 'Pb', 'Bi']",-0.2856,-0.1273,0.0028,10.0008,3D,0.1273
La2Mg3PaRh3,"['Mg', 'Rh', 'La', 'Pa']",-0.7503,-0.191,0.0008,7.3297,3D,0.191
Tm3Sn3HgIrRh,"['Rh', 'Sn', 'Tm', 'Ir', 'Hg']",-0.7874,-0.0444,0.0251,11.428,3D,0.0444
Ti12Zn4C3N,"['C', 'N', 'Ti', 'Zn']",-0.6103,-0.0149,,5.2139,3D,0.0149
Dy7Ho9Cd4(IrOs)2,"['Cd', 'Dy', 'Ho', 'Os', 'Ir']",-0.4112,-0.0023,0.0067,10.1295,3D,0.0023
Tb11Sm(AlAu5)4,"['Al', 'Sm', 'Tb', 'Au']",-0.8391,-0.0071,,12.8232,3D,0.0071
Er10Tl3Tc,"['Tc', 'Er', 'Tl']",-0.2364,-0.0448,,10.0714,3D,0.0448
Dy13Ho3Cd4TcNi3,"['Ni', 'Tc', 'Cd', 'Dy', 'Ho']",-0.2779,-0.0162,0.0004,8.9679,3D,0.0162
NdAg6CO11,"['C', 'O', 'Ag', 'Nd']",-1.1185,-0.0352,0.0004,6.1404,3D,0.0352
Tb13LuRh6,"['Rh', 'Tb', 'Lu']",-0.61,-0.0025,,9.1181,3D,0.0025
Sc3GaP2Ir2Rh,"['P', 'Sc', 'Ga', 'Rh', 'Ir']",-1.1924,-0.0694,0.003,8.7789,3D,0.0694
DySc5Co2(BIr2)4,"['B', 'Sc', 'Co', 'Dy', 'Ir']",-0.8474,-0.0168,0.0121,12.4385,3D,0.0168
YHo5Er2(SiPd)8,"['Si', 'Y', 'Pd', 'Ho', 'Er']",-1.0093,-0.0503,0.0051,8.5863,3D,0.0503
ErZn2CdCuIr,"['Cu', 'Zn', 'Cd', 'Er', 'Ir']",-0.4256,-0.0633,0.0115,10.9732,3D,0.0633
VInP4PbO14,"['O', 'P', 'V', 'In', 'Pb']",-2.5676,-0.0145,2.2303,4.1998,3D,0.0145
K8Na4Sc4Bi3Sb5,"['Na', 'K', 'Sc', 'Sb', 'Bi']",-0.6382,-0.0313,,3.4949,intercalated ion,0.0313
Co4TeIr7O24,"['O', 'Co', 'Te', 'Ir']",-1.3089,-0.0602,0.0002,8.8553,3D,0.0602
Dy4Co17Ni(P6Ru)2,"['P', 'Co', 'Ni', 'Ru', 'Dy']",-0.8553,-0.0178,0.0006,8.4873,3D,0.0178
Dy5Ho13(ThPb8)2,"['Dy', 'Ho', 'Pb', 'Th']",-0.5056,-0.005,,10.5103,,0.005
Hf10Sn6Te,"['Sn', 'Te', 'Hf']",-0.4746,-0.0263,,11.5924,3D,0.0263
TbY2Tm5(WO6)4,"['O', 'Y', 'Tb', 'Tm', 'W']",-3.3299,-0.0052,3.6382,8.3992,3D,0.0052
Zn5B3Ir3Rh4,"['B', 'Zn', 'Rh', 'Ir']",-0.3831,-0.0137,0.0082,11.7633,3D,0.0137
La19TmSi15I,"['Si', 'I', 'La', 'Tm']",-0.7082,-0.0085,,5.5069,3D,0.0085
Lu4Ga3Co4Si,"['Si', 'Co', 'Ga', 'Lu']",-0.5873,-0.0431,0.0012,9.7168,3D,0.0431
Dy7Lu13(Ir2Ru)4,"['Ru', 'Dy', 'Lu', 'Ir']",-0.7598,-0.0407,0.0007,12.2698,3D,0.0407
Tm8B24Mo3Rh,"['B', 'Mo', 'Rh', 'Tm']",-0.6531,-0.0266,0.0063,8.6485,3D,0.0266
Th4Np3RhN12,"['N', 'Rh', 'Th', 'Np']",-1.4116,-0.0283,0.0006,11.1,3D,0.0283
Pr8Lu12Ga15Ge,"['Ga', 'Ge', 'Pr', 'Lu']",-0.5997,-0.0184,,7.9347,3D,0.0184
Ho3(Cd2Au)2,"['Cd', 'Ho', 'Au']",-0.5557,-0.023,0.008,10.6111,3D,0.023
Gd2NiH6,"['H', 'Ni', 'Gd']",-0.6531,-0.0184,,7.6103,3D,0.0184
Dy10Sn6AsS,"['S', 'As', 'Sn', 'Dy']",-1.0346,-0.0469,0.0087,8.4255,3D,0.0469
La5Sn3(BRh6)2,"['B', 'Rh', 'Sn', 'La']",-0.7493,-0.0451,0.0089,9.0583,3D,0.0451
Dy2Er10InCo4Os,"['Co', 'In', 'Dy', 'Er', 'Os']",-0.2852,-0.0216,0.0028,9.779,3D,0.0216
Hf7Zr2TaCoRe3,"['Co', 'Zr', 'Hf', 'Ta', 'Re']",-0.3067,-0.0306,0.0015,13.3787,3D,0.0306
PrTmRh6,"['Rh', 'Pr', 'Tm']",-0.5427,-0.0193,,10.885,,0.0193
Ca3PrPt4,"['Ca', 'Pr', 'Pt']",-0.9488,-0.0085,0.033,9.0879,intercalated ion,0.0085
Hf6Ti4Ga5Te,"['Ti', 'Ga', 'Te', 'Hf']",-0.5438,-0.0225,0.0016,9.6818,3D,0.0225
Sc2Ti4P3,"['P', 'Sc', 'Ti']",-1.098,-0.0147,0.0027,4.3208,3D,0.0147
Tb3Nd2Lu5Pb6,"['Nd', 'Tb', 'Lu', 'Pb']",-0.5102,-0.0074,0.0044,10.1847,3D,0.0074
SrTa3(CuH6)2,"['H', 'Cu', 'Sr', 'Ta']",-0.2796,-0.0618,0.0117,8.3702,intercalated ion,0.0618
NaEr(CN2)2,"['C', 'N', 'Na', 'Er']",-0.9343,-0.1925,3.8283,3.871,intercalated ion,0.1925
NdY2Nb(Co4P3)2,"['P', 'Co', 'Y', 'Nb', 'Nd']",-0.9756,-0.0356,,7.1985,3D,0.0356
CsZnI18,"['Zn', 'I', 'Cs']",-0.541,-0.1656,,3.1097,intercalated ion,0.1656
CaTb4SmY4(In2Pd)4,"['Ca', 'Y', 'Pd', 'In', 'Sm', 'Tb']",-0.686,-0.0028,,7.6088,,0.0028
PrDyYIrO7,"['O', 'Y', 'Pr', 'Dy', 'Ir']",-3.0847,-0.0432,0.0012,7.7878,3D,0.0432
Mn2VSi12Mo17,"['Si', 'V', 'Mn', 'Mo']",-0.4302,-0.0082,0.0042,7.8089,3D,0.0082
Nd3Al12(TcPd)2,"['Al', 'Tc', 'Pd', 'Nd']",-0.6279,-0.0607,0.0021,5.6761,3D,0.0607
NdY4CdIn4Ir,"['Y', 'Cd', 'In', 'Nd', 'Ir']",-0.5733,-0.0309,,7.3025,,0.0309
Tb4TmLu5Sn8,"['Sn', 'Tb', 'Tm', 'Lu']",-0.7281,-0.0313,0.0147,8.8724,3D,0.0313
Tb4Pr(Nd5Ir4)3,"['Pr', 'Nd', 'Tb', 'Ir']",-0.6658,-0.0106,0.0047,10.6126,3D,0.0106
La9NdAl9Si9Au2,"['Al', 'Si', 'La', 'Nd', 'Au']",-0.6923,-0.0153,0.0015,5.4675,3D,0.0153
Tb3Ho(PS)4,"['P', 'S', 'Tb', 'Ho']",-1.7346,-0.0008,0.3759,6.1578,2D,0.0008
NaCr2InO8,"['O', 'Na', 'Cr', 'In']",-1.8282,-0.0335,2.3365,3.3752,intercalated ion,0.0335
LaPr3(Y4Bi3)4,"['Y', 'La', 'Pr', 'Bi']",-0.7616,-0.022,0.0009,7.5382,3D,0.022
Np6Bi8PdAu5,"['Pd', 'Au', 'Bi', 'Np']",-0.178,-0.0819,,12.8363,3D,0.0819
LiTb2Sm4RhBr12,"['Li', 'Br', 'Rh', 'Sm', 'Tb']",-2.0271,-0.0605,0.0073,4.9182,intercalated ion,0.0605
Pr16Lu4(RuPt3)3,"['Ru', 'Pr', 'Lu', 'Pt']",-0.7895,-0.0229,,9.8127,,0.0229
PrUS6,"['S', 'Pr', 'U']",-1.5609,-0.0412,0.0064,4.504,2D,0.0412
Y3Lu5(CdPt)2,"['Y', 'Cd', 'Lu', 'Pt']",-0.6359,-0.0079,0.0007,9.419,3D,0.0079
Tm10SiGeBi4,"['Si', 'Ge', 'Tm', 'Bi']",-0.6895,-0.0314,inf,10.1348,3D,0.0314
Dy3HoGa18(NiIr2)2,"['Ni', 'Ga', 'Dy', 'Ho', 'Ir']",-0.6267,-0.0049,0.0099,9.9701,3D,0.0049
Dy11Y5(InPt)4,"['Y', 'In', 'Dy', 'Pt']",-0.6775,-0.0217,,8.8165,,0.0217
Sm3Tm(Sc3Sn4)2,"['Sc', 'Sn', 'Sm', 'Tm']",-0.7409,-0.0383,,6.595,3D,0.0383
Er6NbCo17(SiP2)4,"['Si', 'P', 'Co', 'Nb', 'Er']",-0.9037,-0.0222,0.0001,8.4294,3D,0.0222
Li4CePr2Si3Ge,"['Li', 'Si', 'Ge', 'Ce', 'Pr']",-0.5658,-0.0298,,4.5788,intercalated ion,0.0298
TbHo3ScIr3,"['Sc', 'Tb', 'Ho', 'Ir']",-0.8564,-0.0234,,11.6849,3D,0.0234
TbHoGa9Co2Pt,"['Co', 'Ga', 'Tb', 'Ho', 'Pt']",-0.5681,-0.0181,,9.171,3D,0.0181
Y3Tm(B4W)4,"['B', 'Y', 'Tm', 'W']",-0.5915,-0.0169,0.2921,8.7537,3D,0.0169
Er4Al2B4Ir9Ru,"['B', 'Al', 'Ru', 'Er', 'Ir']",-0.8506,-0.0576,0.0095,15.1052,3D,0.0576
Pr3DyHoPb3,"['Pr', 'Dy', 'Ho', 'Pb']",-0.5372,-0.0107,0.0042,8.8902,3D,0.0107
HoLu3Al18(Os2Rh)2,"['Al', 'Rh', 'Ho', 'Lu', 'Os']",-0.6525,-0.017,0.0049,7.5668,3D,0.017
Er3Mg2TiIr3,"['Mg', 'Ti', 'Er', 'Ir']",-0.7471,-0.0628,0.0152,10.6487,3D,0.0628
U4Ga4Tc7P2,"['P', 'Ga', 'Tc', 'U']",-0.4782,-0.1598,0.0033,11.5941,3D,0.1598
TbY2LuPt4F28,"['F', 'Y', 'Tb', 'Lu', 'Pt']",-2.9125,-0.0006,2.2738,5.8058,3D,0.0006
SmFe3Cl7O,"['O', 'Cl', 'Fe', 'Sm']",-1.8012,-0.0844,,3.1522,,0.0844
U8NbSi16MoW10,"['Si', 'Nb', 'Mo', 'W', 'U']",-0.3463,-0.005,0.0003,11.9891,3D,0.005
Lu12Th4Mg4Ru3Rh,"['Mg', 'Ru', 'Rh', 'Lu', 'Th']",-0.3355,-0.0316,0.0046,9.3118,3D,0.0316
Y4Mn7CuO20,"['O', 'Mn', 'Cu', 'Y']",-2.5403,-0.0005,,5.1152,,0.0005
Dy3Ho3TiAl23Os8,"['Al', 'Ti', 'Dy', 'Ho', 'Os']",-0.5948,-0.0053,0.003,8.0956,3D,0.0053
Tb8Dy8MgHg3Rh4,"['Mg', 'Rh', 'Tb', 'Dy', 'Hg']",-0.5104,-0.0313,,9.5081,3D,0.0313
Ta15Nb5(Al3Ir2)2,"['Al', 'Nb', 'Ta', 'Ir']",-0.4236,-0.067,0.0009,13.3531,3D,0.067
LaTbHoIrO7,"['O', 'La', 'Tb', 'Ho', 'Ir']",-3.1315,-0.0455,0.001,8.4985,3D,0.0455
Ho4Lu16Bi11Sb,"['Sb', 'Ho', 'Lu', 'Bi']",-0.648,-0.0304,,10.8218,3D,0.0304
Y9Tm(SiSb)4,"['Si', 'Y', 'Sb', 'Tm']",-0.9909,-0.0055,,5.5618,,0.0055
Ta11TiAl8(IrC)4,"['C', 'Al', 'Ti', 'Ta', 'Ir']",-0.745,-0.1102,0.0014,12.5905,3D,0.1102
SrHfFe(PO4)3,"['O', 'P', 'Fe', 'Sr', 'Hf']",-3.0133,-0.0138,2.7287,4.0074,intercalated ion,0.0138
LuSc3Pa4(ReB6)4,"['B', 'Sc', 'Lu', 'Re', 'Pa']",-0.7449,-0.2546,0.0076,9.8914,3D,0.2546
Dy14Er2MgCo4Hg3,"['Mg', 'Co', 'Dy', 'Er', 'Hg']",-0.273,-0.0326,0.0066,9.5774,3D,0.0326
LaPa3(SnPt2)2,"['Sn', 'La', 'Pt', 'Pa']",-0.9621,-0.2058,0.0011,13.2714,3D,0.2058
Y4Al4Ir3Au,"['Al', 'Y', 'Ir', 'Au']",-0.919,-0.0653,0.0105,8.6397,3D,0.0653
Y5CoIrO12,"['O', 'Co', 'Y', 'Ir']",-3.0518,-0.063,0.0034,5.8691,3D,0.063
TbY7MgCo2Hg,"['Mg', 'Co', 'Y', 'Tb', 'Hg']",-0.234,-0.0273,0.0009,6.0397,3D,0.0273
Sc4Ta3Nb3Si8,"['Si', 'Sc', 'Nb', 'Ta']",-0.7664,-0.0339,0.0033,6.7127,3D,0.0339
Nd12Si8(Ir3Rh)3,"['Si', 'Rh', 'Nd', 'Ir']",-0.9222,-0.0267,0.0055,9.9345,3D,0.0267
Ac5La5Tc2I15,"['Tc', 'I', 'La', 'Ac']",-1.467,-0.0923,,5.3353,3D,0.0923
Nb8ReSi2B4W,"['B', 'Si', 'Nb', 'W', 'Re']",-0.6557,-0.0412,0.0129,9.0263,3D,0.0412
La9Pr3(RuCl3)4,"['Cl', 'Ru', 'La', 'Pr']",-1.7819,-0.0422,,4.8303,,0.0422
Y4ErTm(RuI3)2,"['Y', 'Ru', 'I', 'Er', 'Tm']",-1.2009,-0.0371,0.0388,6.0053,3D,0.0371
TmSc7(B6Ir)4,"['B', 'Sc', 'Tm', 'Ir']",-0.7372,-0.0169,0.0027,7.1577,3D,0.0169
La2Pr2Pb3,"['La', 'Pr', 'Pb']",-0.6031,-0.0074,0.0044,8.1645,3D,0.0074
Li2DyY5(Co4P3)4,"['Li', 'P', 'Co', 'Y', 'Dy']",-0.9569,-0.0149,0.0013,6.6572,intercalated ion,0.0149
Sc22GaOs2Ru5,"['Sc', 'Ga', 'Ru', 'Os']",-0.3964,-0.0025,0.0035,5.2994,3D,0.0025
LaDy3(ZnSi)4,"['Si', 'Zn', 'La', 'Dy']",-0.6186,-0.0296,0.0092,6.8233,3D,0.0296
Tm20(GaBi3)3,"['Ga', 'Tm', 'Bi']",-0.6205,-0.0298,0.0001,10.2267,3D,0.0298
Ta4Si4Ir3Pt,"['Si', 'Ta', 'Ir', 'Pt']",-0.7917,0.0004,,14.748,,0.0004
K(BaB8)3,"['B', 'K', 'Ba']",-0.3174,-0.0034,0.01,3.7988,intercalated ion,0.0034
Y2HoEr(Co5As3)4,"['Co', 'As', 'Y', 'Ho', 'Er']",-0.5171,-0.0239,0.0006,8.7286,3D,0.0239
La2Tb4TaSbO14,"['O', 'Sb', 'La', 'Tb', 'Ta']",-3.653,-0.0252,3.3569,7.6588,3D,0.0252
Tb3Dy12Ho(InIr)4,"['In', 'Tb', 'Dy', 'Ho', 'Ir']",-0.5818,0.0001,,9.8767,,0.0001
Ho11Lu5In4RuRh3,"['Ru', 'Rh', 'In', 'Ho', 'Lu']",-0.5306,-0.0037,0.0071,9.5192,3D,0.0037
Zr8Mn3Si14Ni5,"['Si', 'Mn', 'Ni', 'Zr']",-0.7659,-0.0143,,5.9882,,0.0143
SrYTm2(Ir2O7)2,"['O', 'Sr', 'Y', 'Tm', 'Ir']",-2.4277,-0.0363,,9.22,intercalated ion,0.0363
Zr2GaFe9,"['Fe', 'Ga', 'Zr']",-0.1915,0.0006,,7.7727,,0.0006
LaNd(CuP)3,"['P', 'Cu', 'La', 'Nd']",-0.859,-0.0144,0.0034,6.4525,3D,0.0144
DyY5Al24(CoOs)4,"['Al', 'Co', 'Y', 'Dy', 'Os']",-0.5896,-0.0104,0.0009,5.9601,3D,0.0104
ErLu3Co2(Si5Os2)2,"['Si', 'Co', 'Er', 'Lu', 'Os']",-0.725,-0.0532,0.0146,9.7739,3D,0.0532
YZrRh6C,"['C', 'Y', 'Zr', 'Rh']",-0.6064,-0.0376,0.0129,9.948,3D,0.0376
Ho3Mg3Si2Ni,"['Mg', 'Si', 'Ni', 'Ho']",-0.539,-0.047,0.0037,6.1197,3D,0.047
Dy7Co5TcSn23,"['Co', 'Tc', 'Sn', 'Dy']",-0.4047,-0.0035,0.0051,8.5976,3D,0.0035
Tb2SmBiRh3Pb2,"['Rh', 'Sm', 'Tb', 'Pb', 'Bi']",-0.6852,-0.0408,0.0095,11.364,3D,0.0408
Ta6AlFe6,"['Al', 'Fe', 'Ta']",-0.2628,-0.0017,0.0011,12.8807,3D,0.0017
Ho3Tm7(Bi3C)2,"['C', 'Ho', 'Tm', 'Bi']",-0.7079,-0.0604,0.0077,10.7118,3D,0.0604
Rb3V2F7,"['F', 'V', 'Rb']",-3.0185,-0.0094,2.1918,3.9688,intercalated ion,0.0094
Hf6TaTi3Ga5Ge,"['Ti', 'Ga', 'Ge', 'Hf', 'Ta']",-0.5193,-0.0267,0.0033,10.2946,3D,0.0267
Rb6Co3RhBr18,"['Co', 'Br', 'Rb', 'Rh']",-1.3872,-0.1444,1.0385,4.0246,intercalated ion,0.1444
Tb4PBr6,"['P', 'Br', 'Tb']",-2.1048,-0.1725,0.0133,5.1652,3D,0.1725
Y5Al2GeC4,"['C', 'Al', 'Ge', 'Y']",-0.5008,-0.0242,0.0076,4.9745,3D,0.0242
Er5Pa3(Si3Rh)4,"['Si', 'Rh', 'Er', 'Pa']",-0.8644,-0.0729,0.0021,8.3442,3D,0.0729
Pa2SnOsRh,"['Rh', 'Sn', 'Os', 'Pa']",-0.6345,-0.3902,0.003,13.5735,3D,0.3902
Ce2PrSm(AlRh)4,"['Al', 'Rh', 'Ce', 'Pr', 'Sm']",-0.8463,-0.0264,0.0006,7.5305,3D,0.0264
Er2HfZrIr2,"['Zr', 'Er', 'Hf', 'Ir']",-0.8062,-0.0557,,12.4248,,0.0557
Dy15Lu5(IrAu)6,"['Dy', 'Lu', 'Ir', 'Au']",-0.7867,-0.0089,,11.9211,3D,0.0089
Cs12Na8Hf3TiAs12,"['Na', 'Ti', 'As', 'Cs', 'Hf']",-0.587,-0.1089,0.9151,4.3341,intercalated ion,0.1089
TbTm5Bi2Os,"['Tb', 'Tm', 'Os', 'Bi']",-0.5619,-0.044,0.002,10.784,3D,0.044
La2Nd4Pd7Rh,"['Rh', 'Pd', 'La', 'Nd']",-0.824,-0.0127,0.0096,8.7746,3D,0.0127
Rb10Si2As5P,"['Si', 'P', 'As', 'Rb']",-0.3821,-0.0178,0.4383,3.3863,intercalated ion,0.0178
Tb2Ni17H3,"['H', 'Ni', 'Tb']",-0.2356,-0.0146,0.0016,8.9653,3D,0.0146
YTm2ThCdIr,"['Y', 'Cd', 'Tm', 'Ir', 'Th']",-0.5613,-0.0347,,9.9474,3D,0.0347
Tb3DyEr2(Co3P2)6,"['P', 'Co', 'Tb', 'Dy', 'Er']",-0.94,-0.0013,0.0012,8.4997,3D,0.0013
BaNd6OsI12,"['I', 'Ba', 'Nd', 'Os']",-1.5846,-0.1062,0.0008,5.0302,intercalated ion,0.1062
Pr8Sc12Ga3Si12As,"['Si', 'Sc', 'Ga', 'As', 'Pr']",-0.7911,-0.0187,,4.7893,3D,0.0187
Y4MgCo8P12Rh11,"['Mg', 'P', 'Co', 'Y', 'Rh']",-0.9366,-0.0375,0.0011,7.8268,3D,0.0375
Tm4Sc8ZnNi4Sn,"['Sc', 'Ni', 'Zn', 'Sn', 'Tm']",-0.4207,-0.0362,0.0051,6.3016,3D,0.0362
Sr13Ca7(Bi2As)4,"['Ca', 'As', 'Sr', 'Bi']",-0.9683,-0.0173,,4.9773,intercalated ion,0.0173
Y11In9(RuPt)2,"['Y', 'Ru', 'In', 'Pt']",-0.6347,-0.038,,7.2399,3D,0.038
Tb6Y6ZnGaCo4,"['Co', 'Zn', 'Ga', 'Y', 'Tb']",-0.2468,-0.0082,0.0006,6.9981,3D,0.0082
Ti5VRe10,"['Ti', 'V', 'Re']",-0.3702,-0.039,0.0037,14.8912,3D,0.039
SmEr3(Sc3Pt4)2,"['Sc', 'Sm', 'Er', 'Pt']",-1.1741,-0.0068,,10.9386,,0.0068
Dy5Er11MgHg3Ir4,"['Mg', 'Dy', 'Er', 'Ir', 'Hg']",-0.5622,-0.0238,0.0022,10.8595,3D,0.0238
NdEu(NiH4)2,"['H', 'Ni', 'Nd', 'Eu']",-0.5488,-0.1134,0.0037,6.4982,3D,0.1134
La5Co3(P3Ru4)4,"['P', 'Co', 'Ru', 'La']",-0.8374,-0.0051,0.0016,8.6454,3D,0.0051
V11NiP7,"['P', 'V', 'Ni']",-0.8266,-0.0022,0.0012,5.7815,3D,0.0022
Er12Rh3I16,"['Rh', 'I', 'Er']",-1.4029,-0.0758,inf,5.2079,intercalated ion,0.0758
Pu2ReB8Mo,"['B', 'Mo', 'Re', 'Pu']",-0.5156,0.0006,,11.3015,,0.0006
Pr4Zn10GePb,"['Zn', 'Ge', 'Pr', 'Pb']",-0.4325,-0.0075,,7.378,3D,0.0075
HoSc19(Cd3Ru)2,"['Sc', 'Ru', 'Cd', 'Ho']",-0.2609,-0.0243,,4.8471,3D,0.0243
Dy2YEr(B6Ru)2,"['B', 'Y', 'Ru', 'Dy', 'Er']",-0.6842,-0.0056,,7.8915,3D,0.0056
CaHoAl20(RuRh)2,"['Al', 'Ca', 'Ru', 'Rh', 'Ho']",-0.5195,-0.0151,0.0034,4.4786,intercalated ion,0.0151
SrLiEuPt2,"['Li', 'Sr', 'Eu', 'Pt']",-0.7894,-0.0478,0.0046,9.1736,3D,0.0478
LaPa3FeSi4Ni3,"['Si', 'Fe', 'Ni', 'La', 'Pa']",-0.6579,-0.1182,,8.9099,3D,0.1182
Ho10Er2InCo4Au,"['Co', 'In', 'Ho', 'Er', 'Au']",-0.3307,-0.0206,0.001,9.513,3D,0.0206
Ce3Tm2OsPb3,"['Ce', 'Tm', 'Os', 'Pb']",-0.4327,-0.0499,,10.3971,3D,0.0499
Nd6TmScAu10,"['Sc', 'Nd', 'Tm', 'Au']",-0.8341,-0.0111,0.0062,11.6887,3D,0.0111
Pr6TiCo16ReP12,"['P', 'Ti', 'Co', 'Pr', 'Re']",-0.8886,-0.014,,7.7742,3D,0.014
Na2Sr2CaSb4,"['Na', 'Ca', 'Sr', 'Sb']",-0.8613,-0.0198,,4.2023,intercalated ion,0.0198
Tm5Lu3(Ga3Pt)4,"['Ga', 'Tm', 'Lu', 'Pt']",-0.8902,-0.0375,0.0111,10.6275,3D,0.0375
Sr3Ac(Al3Ir)6,"['Al', 'Sr', 'Ir', 'Ac']",-0.6904,-0.1015,0.0018,7.0012,intercalated ion,0.1015
Ce4LuPb3,"['Ce', 'Lu', 'Pb']",-0.3943,-0.0359,,9.4529,3D,0.0359
Ca3Sc(Si4Tc3)2,"['Si', 'Ca', 'Sc', 'Tc']",-0.5749,-0.0539,0.0011,5.6263,intercalated ion,0.0539
Y8Cd2SnPbAu8,"['Y', 'Cd', 'Sn', 'Au', 'Pb']",-0.803,-0.0205,0.0063,9.7974,3D,0.0205
Sm7Y3B2Br15,"['B', 'Br', 'Y', 'Sm']",-1.8744,-0.088,0.0029,5.0604,3D,0.088
PrDy7(Nb3Si4)4,"['Si', 'Nb', 'Pr', 'Dy']",-0.7694,-0.0669,0.0007,7.1657,3D,0.0669
Dy9Ho(IrOs)2,"['Dy', 'Ho', 'Os', 'Ir']",-0.4758,-0.0082,0.0022,10.8797,3D,0.0082
YU(CuP2)2,"['P', 'Cu', 'Y', 'U']",-0.7774,-0.0167,,7.1351,,0.0167
Zr10AlHg(BiPb2)2,"['Al', 'Zr', 'Hg', 'Pb', 'Bi']",-0.3598,-0.0581,0.0058,9.5828,3D,0.0581
Nd3Ho4Th(ReB6)4,"['B', 'Nd', 'Ho', 'Re', 'Th']",-0.6051,-0.0243,0.013,9.5693,3D,0.0243
Sc6Al6PtAu5,"['Al', 'Sc', 'Pt', 'Au']",-0.8331,-0.0393,0.0038,7.9496,3D,0.0393
La6ZnSb8Pt5,"['Zn', 'Sb', 'La', 'Pt']",-1.1223,-0.077,0.004,9.2798,3D,0.077
TbDyPS,"['P', 'S', 'Tb', 'Dy']",-2.0023,-0.0673,0.0354,7.1944,3D,0.0673
PrNd2Sm(MoO4)6,"['O', 'Mo', 'Pr', 'Nd', 'Sm']",-2.635,-0.0142,,3.9977,,0.0142
Lu3Pa(Cu5Sn)4,"['Cu', 'Sn', 'Lu', 'Pa']",-0.2082,-0.0085,,9.7034,3D,0.0085
Dy7Tm(B2C)8,"['B', 'C', 'Dy', 'Tm']",-0.5343,0.0012,,7.6092,,0.0012
U2NbTcC4,"['C', 'Nb', 'Tc', 'U']",-0.3045,-0.0089,0.0007,11.6397,3D,0.0089
Tb4Dy5Lu3Co5Sn,"['Co', 'Sn', 'Tb', 'Dy', 'Lu']",-0.2959,-0.0185,,9.0669,3D,0.0185
YTm19(Hg3Pt)2,"['Y', 'Tm', 'Pt', 'Hg']",-0.4611,-0.0396,,10.7872,,0.0396
Dy15TmCd4Co3Ni,"['Co', 'Ni', 'Cd', 'Dy', 'Tm']",-0.2617,-0.0003,0.003,9.0336,3D,0.0003
Ho7Sn22Ru6Br,"['Br', 'Ru', 'Sn', 'Ho']",-0.5323,-0.055,0.006,8.775,3D,0.055
Nd3Dy4Th(ReB6)4,"['B', 'Nd', 'Dy', 'Re', 'Th']",-0.5918,-0.0199,0.014,9.4808,3D,0.0199
Dy5Ti2Co17P12,"['P', 'Ti', 'Co', 'Dy']",-0.997,-0.0237,0.0009,8.2139,3D,0.0237
La3Pr3WO12,"['O', 'La', 'Pr', 'W']",-3.565,-0.0107,3.4421,6.6082,3D,0.0107
Tb12Tc3Ni,"['Ni', 'Tc', 'Tb']",-0.1298,-0.0259,0.0046,8.7081,3D,0.0259
Tb3ZnCd2Pd3,"['Zn', 'Pd', 'Cd', 'Tb']",-0.7171,-0.0094,0.0024,9.3409,3D,0.0094
Nb3FeCoReC,"['C', 'Fe', 'Co', 'Nb', 'Re']",-0.3236,-0.0523,0.0005,10.178,3D,0.0523
HoTmB6(Ir2Rh)3,"['B', 'Rh', 'Ho', 'Tm', 'Ir']",-0.6075,-0.0168,0.0048,13.0636,3D,0.0168
Nd2Ga7Ni2Hg,"['Ni', 'Ga', 'Nd', 'Hg']",-0.5362,-0.0064,0.0077,8.2181,3D,0.0064
Rb4LaPr3F16,"['F', 'Rb', 'La', 'Pr']",-3.9635,0.0005,,4.942,,0.0005
LiTm6P12Rh17,"['Li', 'P', 'Rh', 'Tm']",-1.0738,-0.1107,,9.3842,intercalated ion,0.1107
Ca4ZnRh7,"['Ca', 'Zn', 'Rh']",-0.4463,-0.0493,0.0041,7.1957,intercalated ion,0.0493
Ho4LuSc3Rh4,"['Sc', 'Rh', 'Ho', 'Lu']",-0.7113,-0.0061,0.0011,8.5067,3D,0.0061
Tb4TmSn4,"['Sn', 'Tb', 'Tm']",-0.7482,-0.0116,0.0055,8.3441,3D,0.0116
Na8Si3SnSe12,"['Na', 'Si', 'Se', 'Sn']",-1.0711,0.0003,1.8009,3.3253,intercalated ion,0.0003
Sm3Sn2Pt2RhPb,"['Rh', 'Sn', 'Sm', 'Pt', 'Pb']",-0.9373,-0.0266,0.0019,11.2009,3D,0.0266
La3Dy(ZnSi3)2,"['Si', 'Zn', 'La', 'Dy']",-0.6458,-0.0522,0.0117,5.7151,3D,0.0522
AlV3AuN,"['N', 'Al', 'V', 'Au']",-0.7004,-0.022,0.0117,8.589,3D,0.022
Ho5Er3(Nb3Si4)4,"['Si', 'Nb', 'Ho', 'Er']",-0.7905,-0.0841,,7.4162,3D,0.0841
PrHoRh2O7,"['O', 'Rh', 'Pr', 'Ho']",-2.4585,-0.0273,0.0028,7.4777,3D,0.0273
Er4FeSi4Ni3,"['Si', 'Fe', 'Ni', 'Er']",-0.7723,0.0004,,8.4337,,0.0004
La7Pr2Nd11Ir12,"['La', 'Pr', 'Nd', 'Ir']",-0.6466,-0.0101,0.0006,10.0198,3D,0.0101
DyTm2GaSi2Ag3,"['Si', 'Ga', 'Ag', 'Dy', 'Tm']",-0.5893,-0.0323,,8.7548,3D,0.0323
Hf2TaRh5,"['Rh', 'Hf', 'Ta']",-0.8183,-0.0297,0.0037,13.4474,3D,0.0297
Dy3YTcB12Ru,"['B', 'Y', 'Tc', 'Ru', 'Dy']",-0.6652,-0.0595,0.0102,7.7321,3D,0.0595
Dy2Y6Re(TcB8)3,"['B', 'Y', 'Tc', 'Dy', 'Re']",-0.6391,-0.0797,0.0018,6.7681,3D,0.0797
PrNd7(HoIr3)2,"['Pr', 'Nd', 'Ho', 'Ir']",-0.6758,-0.0132,0.0028,10.6711,3D,0.0132
Ti2Fe4MoP4Ru,"['P', 'Ti', 'Fe', 'Mo', 'Ru']",-0.8329,-0.0442,0.0001,7.3357,3D,0.0442
Cs3Ag5O4,"['O', 'Ag', 'Cs']",-0.8455,-0.0096,,4.8881,,0.0096
TmPa3Mn2(Co2Si5)2,"['Si', 'Mn', 'Co', 'Tm', 'Pa']",-0.6825,-0.1638,,8.2506,3D,0.1638
Dy6Ho10Cd4OsPt3,"['Cd', 'Dy', 'Ho', 'Os', 'Pt']",-0.5369,-0.008,0.0012,10.087,3D,0.008
YZr(PaRh2)2,"['Y', 'Zr', 'Rh', 'Pa']",-0.7971,-0.0903,0.0041,10.5754,3D,0.0903
SrLa3(Si3Hg)2,"['Si', 'Sr', 'La', 'Hg']",-0.5939,-0.0112,0.0039,6.2513,intercalated ion,0.0112
Tb16Al3InPd3Rh,"['Al', 'Rh', 'Pd', 'In', 'Tb']",-0.4848,-0.0147,0.001,8.1824,3D,0.0147
LiLu(BrO3)4,"['Li', 'O', 'Br', 'Lu']",-1.0576,-0.1741,,3.9285,intercalated ion,0.1741
Pr3Y3Ho10(CdPt)4,"['Y', 'Cd', 'Pr', 'Ho', 'Pt']",-0.6068,-0.0057,0.0026,9.0955,3D,0.0057
BeCo20(B3Mo)2,"['Be', 'B', 'Co', 'Mo']",-0.2322,-0.0002,0.0017,8.421,intercalated ion,0.0002
Dy3Y3Th2(MgCo)2,"['Mg', 'Co', 'Y', 'Dy', 'Th']",-0.2033,-0.0427,,7.2412,3D,0.0427
YHo3ErP12Ru19,"['P', 'Y', 'Ru', 'Ho', 'Er']",-0.8624,-0.0005,0.0075,9.3489,3D,0.0005
Ce2Pr9Nd(PBr3)4,"['P', 'Br', 'Ce', 'Pr', 'Nd']",-1.9436,-0.0727,0.0057,5.3386,3D,0.0727
Er2Co9Tc3Ge3As4,"['Co', 'Ge', 'As', 'Tc', 'Er']",-0.4751,-0.0536,,9.6245,3D,0.0536
Sb8IrRh3,"['Rh', 'Sb', 'Ir']",-0.5689,-0.1272,0.0346,8.9844,3D,0.1272
Na2Ga2SiAu,"['Na', 'Si', 'Ga', 'Au']",-0.227,-0.0281,0.004,5.5433,intercalated ion,0.0281
Sr14La5NdPt16,"['Sr', 'La', 'Nd', 'Pt']",-0.9061,-0.0103,0.0037,8.5992,intercalated ion,0.0103
Tb4Ga17GeRu5Rh,"['Ga', 'Ge', 'Ru', 'Rh', 'Tb']",-0.5761,-0.0051,0.0052,8.7228,3D,0.0051
Tb9HoIn8(CoPt)2,"['Co', 'In', 'Tb', 'Ho', 'Pt']",-0.6179,-0.0301,,9.3772,3D,0.0301
NdSm(TcO4)6,"['O', 'Tc', 'Nd', 'Sm']",-2.2737,-0.1577,3.0981,3.7133,3D,0.1577
Dy5Er3Ti7Si16Mo5,"['Si', 'Ti', 'Mo', 'Dy', 'Er']",-0.7882,-0.0493,0.0032,6.8725,3D,0.0493
Dy19Ho(Ga2Bi)4,"['Ga', 'Dy', 'Ho', 'Bi']",-0.5801,-0.0167,0.0002,8.9326,3D,0.0167
MgCuPdPtO6,"['O', 'Mg', 'Cu', 'Pd', 'Pt']",-1.3614,-0.0487,0.0086,7.236,3D,0.0487
UNi3(AgO2)4,"['O', 'Ni', 'Ag', 'U']",-1.486,-0.0047,0.6041,7.4269,3D,0.0047
Y4Al18CoIr4Au,"['Al', 'Co', 'Y', 'Ir', 'Au']",-0.7762,-0.0196,0.012,6.5379,3D,0.0196
LaTmZn2(Ni3B)2,"['B', 'Ni', 'Zn', 'La', 'Tm']",-0.5035,-0.0415,0.0054,8.4677,3D,0.0415
Ti2Co3Si4NiMo2,"['Si', 'Ti', 'Co', 'Ni', 'Mo']",-0.6649,-0.0426,0.0005,6.8486,3D,0.0426
Tb2ErAl10(SiRu2)2,"['Al', 'Si', 'Ru', 'Tb', 'Er']",-0.7154,-0.0132,0.0003,6.4095,3D,0.0132
Y2Er3SiPb3,"['Si', 'Y', 'Er', 'Pb']",-0.611,-0.0246,0.0033,9.0898,3D,0.0246
Y3Mn2Al6Ni7,"['Al', 'Mn', 'Ni', 'Y']",-0.5556,-0.0047,0.0046,5.6587,3D,0.0047
Ag7Mo(SO4)6,"['O', 'S', 'Mo', 'Ag']",-1.4599,-0.0272,0.0009,4.4198,3D,0.0272
La12ZnInCo4,"['Co', 'Zn', 'In', 'La']",-0.1994,-0.0178,,6.735,,0.0178
Nd3Th11Os6,"['Nd', 'Os', 'Th']",-0.3027,-0.0156,0.0011,12.3837,3D,0.0156
CuAg3Br20,"['Cu', 'Br', 'Ag']",-0.6403,-0.3716,,3.1791,3D,0.3716
Tm4AlSe3,"['Al', 'Se', 'Tm']",-1.5218,-0.0034,0.0069,8.1532,3D,0.0034
Th14CoTc3Ni2,"['Co', 'Ni', 'Tc', 'Th']",-0.24,-0.0738,0.0056,11.549,3D,0.0738
Y2Ga9PtRh2,"['Ga', 'Y', 'Rh', 'Pt']",-0.7199,-0.0217,0.0156,8.3685,3D,0.0217
Ho5Lu3Re3B24Rh,"['B', 'Rh', 'Ho', 'Lu', 'Re']",-0.6852,-0.0229,0.0054,9.8902,3D,0.0229
Tb9Dy10HoSn16,"['Sn', 'Tb', 'Dy', 'Ho']",-0.7459,-0.0072,0.003,8.2956,3D,0.0072
Zr3Si2GeW2N,"['N', 'Si', 'Ge', 'Zr', 'W']",-0.8844,-0.0353,0.0093,9.3337,3D,0.0353
Nd10Zn2Bi5Pb,"['Zn', 'Nd', 'Pb', 'Bi']",-0.7149,-0.0171,0.0038,8.7593,3D,0.0171
Th2(Si2Pd7)3,"['Si', 'Pd', 'Th']",-0.7524,-0.025,0.003,10.224,3D,0.025
Dy8Cd2TcNi,"['Ni', 'Tc', 'Cd', 'Dy']",-0.2475,-0.024,0.0007,8.9357,3D,0.024
Tb3Dy(NiB10)2,"['B', 'Ni', 'Tb', 'Dy']",-0.5178,-0.0011,0.021,6.3059,3D,0.0011
Sm3DySc4(ReB6)4,"['B', 'Sc', 'Sm', 'Dy', 'Re']",-0.7048,-0.06,0.0011,7.9665,3D,0.06
Nd4Y3Tm3Si8,"['Si', 'Y', 'Nd', 'Tm']",-0.7437,-0.0267,0.0014,6.0733,3D,0.0267
Ho6Er6Co5Pb,"['Co', 'Ho', 'Er', 'Pb']",-0.2785,-0.0332,0.0012,9.6115,3D,0.0332
TbDy15In4Ir3Rh,"['Rh', 'In', 'Tb', 'Dy', 'Ir']",-0.5748,-0.0005,0.0117,9.6965,3D,0.0005
Dy17Ho3Ir11Os,"['Dy', 'Ho', 'Os', 'Ir']",-0.7791,-0.0066,0.0016,12.2529,3D,0.0066
Sc4Co14Ni5P12Ru,"['P', 'Sc', 'Co', 'Ni', 'Ru']",-0.8551,-0.0239,0.0019,6.8503,3D,0.0239
DyEr(B4Os)2,"['B', 'Dy', 'Er', 'Os']",-0.5882,0.0002,,10.8199,,0.0002
Ce8Lu3Sc8Si16Mo,"['Si', 'Sc', 'Mo', 'Ce', 'Lu']",-0.7323,-0.0171,0.0006,5.5464,3D,0.0171
Ce4Ag3PRh9,"['P', 'Rh', 'Ag', 'Ce']",-0.6717,-0.0429,,10.1354,,0.0429
Er2ReTcC3,"['C', 'Tc', 'Er', 'Re']",-0.3651,-0.0413,0.0036,10.9604,3D,0.0413
LiV(GaCo2)2,"['Li', 'V', 'Co', 'Ga']",-0.2549,-0.0061,0.0105,7.7599,intercalated ion,0.0061
Dy12ErTh3(CdNi)4,"['Ni', 'Cd', 'Dy', 'Er', 'Th']",-0.2973,-0.0099,0.0018,9.2675,3D,0.0099
Er8Zr9Si16W3,"['Si', 'Zr', 'Er', 'W']",-0.8037,-0.0354,0.0025,7.656,3D,0.0354
Y5Ho15(Cd3Tc)2,"['Y', 'Tc', 'Cd', 'Ho']",-0.2038,-0.0321,inf,8.0586,3D,0.0321
La2AsPdSe,"['As', 'Se', 'Pd', 'La']",-1.6777,-0.0274,,7.0907,,0.0274
CaPrAl20(OsRh)2,"['Al', 'Ca', 'Rh', 'Pr', 'Os']",-0.493,-0.0168,0.0034,4.9966,intercalated ion,0.0168
Pr20Pt7Rh5,"['Rh', 'Pr', 'Pt']",-0.7531,-0.0132,,8.9505,3D,0.0132
Dy3Tm2AsPb3,"['As', 'Dy', 'Tm', 'Pb']",-0.7604,-0.022,,10.238,,0.022
HoEr6Tm5(GaCo2)2,"['Co', 'Ga', 'Ho', 'Er', 'Tm']",-0.3174,-0.0061,0.0073,9.4829,3D,0.0061
Er4AlZn5Pt8,"['Al', 'Zn', 'Er', 'Pt']",-0.966,-0.0372,0.0148,13.4171,3D,0.0372
Tb3Al12FeOsRu2,"['Al', 'Fe', 'Ru', 'Tb', 'Os']",-0.6005,-0.0053,0.0017,6.5157,3D,0.0053
Pu5Np3(TcB6)4,"['B', 'Tc', 'Np', 'Pu']",-0.547,-0.037,0.0009,11.1938,3D,0.037
La2CoGeI,"['Co', 'Ge', 'I', 'La']",-1.0358,-0.0866,0.2116,6.4643,3D,0.0866
Pr2Er6Si12Ni3Rh,"['Si', 'Ni', 'Rh', 'Pr', 'Er']",-0.8455,-0.0183,,6.9467,,0.0183
Y7Ho5Co4BiOs,"['Co', 'Y', 'Ho', 'Os', 'Bi']",-0.3084,-0.0123,,7.8183,3D,0.0123
ErTm5Mn8(Co5P6)2,"['P', 'Mn', 'Co', 'Er', 'Tm']",-0.9256,-0.0314,inf,8.4598,3D,0.0314
Zr2Fe(Co3B2)3,"['B', 'Fe', 'Co', 'Zr']",-0.4755,0.0003,,7.7313,,0.0003
GaReSeO8,"['O', 'Ga', 'Se', 'Re']",-1.7313,-0.0558,2.9873,4.554,2D,0.0558
Ho2Er11Tm7(CoSb2)4,"['Co', 'Sb', 'Ho', 'Er', 'Tm']",-0.7481,-0.022,,9.2852,3D,0.022
HoTm3Ga16FeCo2,"['Fe', 'Co', 'Ga', 'Ho', 'Tm']",-0.4813,-0.0068,0.0014,8.0862,3D,0.0068
Zr4Si3PIr4,"['Si', 'P', 'Zr', 'Ir']",-1.1366,-0.0362,0.0157,10.7148,3D,0.0362
ErSi5P(Pd10Pb)2,"['Si', 'P', 'Pd', 'Er', 'Pb']",-0.6396,-0.0155,0.0018,10.2113,3D,0.0155
ErSc5Fe4(Co7P6)2,"['P', 'Sc', 'Fe', 'Co', 'Er']",-0.9474,-0.0418,inf,6.705,3D,0.0418
Nd2YAgIrRh3O14,"['O', 'Y', 'Rh', 'Ag', 'Nd', 'Ir']",-2.0867,-0.0355,,7.2949,,0.0355
Tb3Sc3TaBi2,"['Sc', 'Tb', 'Ta', 'Bi']",-0.4313,-0.0194,0.0128,8.2666,3D,0.0194
Y7Er13CoBi8Ir3,"['Co', 'Y', 'Er', 'Ir', 'Bi']",-0.7341,-0.0283,0.0035,9.5802,3D,0.0283
Nd3TmTe4,"['Te', 'Nd', 'Tm']",-1.5937,-0.0185,,7.5365,,0.0185
Li26Si7Pb,"['Li', 'Si', 'Pb']",-0.2537,-0.0082,0.0036,1.7827,intercalated ion,0.0082
Dy3TmHfIr3,"['Dy', 'Tm', 'Hf', 'Ir']",-0.8553,-0.0253,,12.8333,3D,0.0253
Tb3(PrS2)4,"['S', 'Pr', 'Tb']",-2.3166,-0.0105,0.0093,5.8015,3D,0.0105
Y3HoNi14,"['Ni', 'Y', 'Ho']",-0.3861,0.0,,8.0563,,0.0
Tb7DyHf12Si15Au,"['Si', 'Tb', 'Dy', 'Hf', 'Au']",-0.8067,-0.0052,,9.3087,,0.0052
NdScBi2(Pt2O7)2,"['O', 'Sc', 'Nd', 'Pt', 'Bi']",-1.8473,-0.0051,,9.5447,,0.0051
Nd6Y6Er4CdHg3Ir4,"['Y', 'Cd', 'Nd', 'Er', 'Ir', 'Hg']",-0.5497,-0.0135,,8.9961,,0.0135
GdY3(WO6)2,"['O', 'Y', 'Gd', 'W']",-3.284,-0.0031,3.3719,6.9603,3D,0.0031
TmFeBr15,"['Fe', 'Br', 'Tm']",-1.0386,-0.3335,0.1491,3.3608,2D,0.3335
Nd2Ho4Al24Os7Ru,"['Al', 'Ru', 'Nd', 'Ho', 'Os']",-0.5933,-0.0016,0.0014,7.7199,3D,0.0016
Tb11Pr8ZrPb16,"['Zr', 'Pr', 'Tb', 'Pb']",-0.5733,-0.0351,,9.3886,,0.0351
Cs4TiCr7Se16,"['Ti', 'Cr', 'Se', 'Cs']",-1.0684,-0.0537,0.0048,4.5814,intercalated ion,0.0537
Tb6Lu2Ga3Co,"['Co', 'Ga', 'Tb', 'Lu']",-0.4043,-0.0032,0.0848,8.68,3D,0.0032
La6NiPtI6,"['Ni', 'I', 'La', 'Pt']",-1.3719,-0.0317,0.0012,6.0287,3D,0.0317
PrNdAl2(SiAu2)2,"['Al', 'Si', 'Pr', 'Nd', 'Au']",-0.6986,-0.0157,0.0077,9.8012,3D,0.0157
SmHoIn2(SbO4)4,"['O', 'In', 'Sb', 'Sm', 'Ho']",-2.4031,-0.0015,1.6097,6.9784,3D,0.0015
Hf16Ir3Pd5C4,"['C', 'Pd', 'Hf', 'Ir']",-0.7902,-0.026,,13.8494,,0.026
Ho2Re3Ir,"['Ho', 'Re', 'Ir']",-0.4269,-0.0079,0.0054,16.1517,3D,0.0079
NaLi2NdSb2,"['Li', 'Na', 'Sb', 'Nd']",-0.8543,-0.0032,0.0324,4.8623,intercalated ion,0.0032
Be9VMo2,"['Be', 'V', 'Mo']",-0.2496,-0.0176,0.0048,4.7275,intercalated ion,0.0176
SmY2Cd3Hg2Pd,"['Y', 'Pd', 'Cd', 'Sm', 'Hg']",-0.5101,-0.0178,0.0018,8.9515,3D,0.0178
Tb3Er2In2(HgPd)2,"['Pd', 'In', 'Tb', 'Er', 'Hg']",-0.6825,-0.0092,,10.3117,3D,0.0092
Y2ErSc(Al3Ir)6,"['Al', 'Sc', 'Y', 'Er', 'Ir']",-0.857,-0.0582,,7.2222,3D,0.0582
Hf5Zr5Sn5Sb2,"['Zr', 'Sn', 'Sb', 'Hf']",-0.5788,-0.0362,0.0046,9.508,3D,0.0362
Er8Nb11Si16Ru,"['Si', 'Nb', 'Ru', 'Er']",-0.8089,-0.0895,,7.5208,,0.0895
CaGd2(ThB15)2,"['B', 'Ca', 'Gd', 'Th']",-0.4612,-0.0015,0.0025,5.5083,intercalated ion,0.0015
Er7Tm5Co4BiIr,"['Co', 'Er', 'Tm', 'Ir', 'Bi']",-0.412,-0.0102,,10.301,3D,0.0102
Al3Cu3SnPt9,"['Al', 'Cu', 'Sn', 'Pt']",-0.626,-0.0084,0.0073,15.0311,3D,0.0084
Ho2LuZr(NiAs)4,"['Ni', 'As', 'Zr', 'Ho', 'Lu']",-1.0274,-0.0278,0.0064,8.8973,3D,0.0278
Tb2Dy4OsRu,"['Ru', 'Tb', 'Dy', 'Os']",-0.2849,-0.0005,0.0029,9.7884,3D,0.0005
Ti12ZnCu11O4,"['O', 'Ti', 'Cu', 'Zn']",-0.9476,-0.0029,0.0008,6.5158,3D,0.0029
Cs7LiNbTl2As5,"['Li', 'As', 'Nb', 'Cs', 'Tl']",-0.4484,-0.0735,,4.4492,intercalated ion,0.0735
Ca2AlAg6,"['Al', 'Ca', 'Ag']",-0.2814,-0.0371,,6.7047,intercalated ion,0.0371
Fe7Si16Ir,"['Si', 'Fe', 'Ir']",-0.4427,-0.0271,0.0016,5.537,3D,0.0271
Tb7TmIn4,"['In', 'Tb', 'Tm']",-0.3524,-0.0043,,8.3509,3D,0.0043
Eu3TmMnMo3O14,"['O', 'Mn', 'Mo', 'Eu', 'Tm']",-2.7866,-0.0325,0.0009,6.8679,3D,0.0325
Nd6Al24Ru3Rh5,"['Al', 'Ru', 'Rh', 'Nd']",-0.7524,-0.0097,0.003,5.8399,3D,0.0097
Ca3La5(CdOs)2,"['Ca', 'Cd', 'La', 'Os']",-0.238,-0.0334,,6.5136,,0.0334
HfZr8In14Co6Tc,"['Co', 'Zr', 'Tc', 'In', 'Hf']",-0.3217,-0.024,,8.233,3D,0.024
Hf6Fe15Si7Ru,"['Si', 'Fe', 'Ru', 'Hf']",-0.5648,-0.0092,0.0025,9.8099,3D,0.0092
CaTb3(Co5As3)4,"['Ca', 'Co', 'As', 'Tb']",-0.494,-0.0371,0.0003,8.7028,intercalated ion,0.0371
La3Pr3(PtI3)2,"['I', 'La', 'Pr', 'Pt']",-1.4735,-0.0233,0.005,6.4122,3D,0.0233
Ho3Er3(CdIn4)2,"['Cd', 'In', 'Ho', 'Er']",-0.4117,-0.0077,0.0116,8.6764,3D,0.0077
Ba3UCr2O9,"['O', 'Cr', 'Ba', 'U']",-3.1207,-0.0616,0.7675,6.7054,intercalated ion,0.0616
KNa3In4(Ga2Te5)4,"['Na', 'K', 'Ga', 'In', 'Te']",-0.7136,-0.0105,1.0878,4.8493,intercalated ion,0.0105
CaSm6GaI12,"['Ca', 'Ga', 'I', 'Sm']",-1.549,-0.0824,,5.1928,,0.0824
Ho4Al18Ir3Pt2Rh,"['Al', 'Rh', 'Ho', 'Ir', 'Pt']",-0.875,-0.0341,0.0204,7.8275,3D,0.0341
Dy15HoInAg3Rh4,"['Rh', 'Ag', 'In', 'Dy', 'Ho']",-0.4954,-0.0132,0.0016,9.2528,3D,0.0132
LaSm2Gd3OsI10,"['I', 'La', 'Sm', 'Gd', 'Os']",-1.5173,-0.2362,,5.629,3D,0.2362
Li5Sm(ReH9)3,"['H', 'Li', 'Sm', 'Re']",-0.3225,-0.1072,0.0133,4.6906,intercalated ion,0.1072
Tb2Dy4Al23VOs8,"['Al', 'V', 'Tb', 'Dy', 'Os']",-0.5865,-0.0061,0.0036,8.1141,3D,0.0061
Hf6CoSi(As2Ru3)2,"['Si', 'Co', 'As', 'Ru', 'Hf']",-0.8432,-0.0434,0.0111,11.8422,3D,0.0434
DyLu9Ru3Rh,"['Ru', 'Rh', 'Dy', 'Lu']",-0.4868,-0.0057,0.0037,10.4205,3D,0.0057
Pr4Y3Er9(CdIr)4,"['Y', 'Cd', 'Pr', 'Er', 'Ir']",-0.5276,-0.0097,,9.1621,3D,0.0097
Ho7Er3In5Hg3Pd4,"['Pd', 'In', 'Ho', 'Er', 'Hg']",-0.6843,-0.0066,0.0036,10.1825,3D,0.0066
La2Cu7NiPt2,"['Ni', 'Cu', 'La', 'Pt']",-0.4154,-0.0139,0.0035,10.0524,3D,0.0139
Er13Lu3In6CoPt,"['Co', 'In', 'Er', 'Lu', 'Pt']",-0.4385,-0.0074,0.0017,9.4368,3D,0.0074
RbPr5Nd(CBr6)2,"['C', 'Br', 'Rb', 'Pr', 'Nd']",-2.0084,-0.0548,,4.3819,intercalated ion,0.0548
Tb2Sb2Cl2O5,"['O', 'Cl', 'Sb', 'Tb']",-2.7776,-0.0607,3.634,5.3349,2D,0.0607
Dy3ErAs6Rh7,"['As', 'Rh', 'Dy', 'Er']",-1.0082,-0.0667,0.0087,10.2305,3D,0.0667
Ce3Zn3Pd2Pt,"['Zn', 'Pd', 'Ce', 'Pt']",-0.7248,-0.0091,0.0,9.0968,3D,0.0091
LiLa2(Si3Pd10)2,"['Li', 'Si', 'Pd', 'La']",-0.7578,-0.0242,0.0009,9.0767,intercalated ion,0.0242
NaPuO4,"['O', 'Na', 'Pu']",-2.6928,-0.2537,0.0366,6.1251,intercalated ion,0.2537
TmLu2ZnAg3Ge2,"['Zn', 'Ge', 'Ag', 'Tm', 'Lu']",-0.5696,-0.0344,0.0069,9.7207,3D,0.0344
Ca20Zn3(CdPd2)3,"['Ca', 'Zn', 'Pd', 'Cd']",-0.4484,-0.0096,0.0011,3.5198,intercalated ion,0.0096
DyTm3U4(ReB6)4,"['B', 'Dy', 'Tm', 'Re', 'U']",-0.6422,-0.027,0.0009,11.3756,3D,0.027
Sc4Al6ReOs,"['Al', 'Sc', 'Re', 'Os']",-0.5558,-0.0556,0.0023,5.6922,3D,0.0556
Ho5TmAl24(Ir3Os)2,"['Al', 'Ho', 'Tm', 'Os', 'Ir']",-0.7923,-0.0068,,8.2462,3D,0.0068
YEr2Ir7Rh2,"['Y', 'Rh', 'Er', 'Ir']",-0.6492,-0.0219,0.004,15.4559,3D,0.0219
YHoUTc3,"['Y', 'Tc', 'Ho', 'U']",-0.2697,-0.1231,0.01,10.9616,3D,0.1231
GaPPdPt4,"['P', 'Ga', 'Pd', 'Pt']",-0.4811,-0.0101,0.0214,15.1836,3D,0.0101
PaCoGe2Ir,"['Co', 'Ge', 'Ir', 'Pa']",-0.6514,-0.1513,0.0254,12.5681,3D,0.1513
VInPO5,"['O', 'P', 'V', 'In']",-2.471,-0.0227,1.5786,4.7024,3D,0.0227
Y6Sn6PtRh5,"['Y', 'Rh', 'Sn', 'Pt']",-0.9411,-0.0166,0.0025,8.3834,3D,0.0166
Ho16Tm4Ir11Rh,"['Rh', 'Ho', 'Tm', 'Ir']",-0.846,-0.0069,0.0026,12.4075,3D,0.0069
Dy5ErReTcB14,"['B', 'Tc', 'Dy', 'Er', 'Re']",-0.6248,-0.0438,0.0021,9.0262,3D,0.0438
YEr3ZrIr3,"['Y', 'Zr', 'Er', 'Ir']",-0.8348,-0.0148,,11.4205,3D,0.0148
Al3Ga(PPd6)2,"['Al', 'P', 'Ga', 'Pd']",-0.6939,-0.0063,,9.2443,3D,0.0063
Dy5Lu15Sn16,"['Sn', 'Dy', 'Lu']",-0.6946,-0.0292,,9.1502,,0.0292
Nb4Ga5(Co2Si)2,"['Si', 'Co', 'Ga', 'Nb']",-0.4757,-0.0067,0.001,7.9289,3D,0.0067
TbHoEr4(AlC3)2,"['C', 'Al', 'Tb', 'Ho', 'Er']",-0.3997,-0.014,,7.5352,3D,0.014
CaY6RuI12,"['Ca', 'Y', 'Ru', 'I']",-1.5423,-0.0376,0.0021,4.6157,intercalated ion,0.0376
YPa(B4Os)2,"['B', 'Y', 'Os', 'Pa']",-0.5791,-0.1857,0.0012,10.4569,3D,0.1857
Zr3Ga3Pd2Pt,"['Ga', 'Zr', 'Pd', 'Pt']",-0.8322,-0.0366,0.004,9.2075,3D,0.0366
Tb5Ho7Os3Pd,"['Pd', 'Tb', 'Ho', 'Os']",-0.3178,-0.0032,0.0046,10.1322,3D,0.0032
Dy2TlIn(SbO4)4,"['O', 'In', 'Sb', 'Dy', 'Tl']",-2.3148,-0.0217,1.4007,7.4844,3D,0.0217
Ca5Er(CdIn)3,"['Ca', 'Cd', 'In', 'Er']",-0.4271,-0.0094,0.0019,5.1785,intercalated ion,0.0094
HoNp3O10,"['O', 'Ho', 'Np']",-3.4744,-0.1671,0.0008,7.7177,3D,0.1671
Tb8Dy4Tc3Os,"['Tc', 'Tb', 'Dy', 'Os']",-0.1303,-0.0157,0.007,9.3022,3D,0.0157
Dy3Y(OF4)2,"['O', 'F', 'Y', 'Dy']",-4.3886,-0.0133,6.3259,6.7591,3D,0.0133
Nd16Cd4IrRu2Pt,"['Ru', 'Cd', 'Nd', 'Ir', 'Pt']",-0.3825,-0.0139,0.0081,7.9741,3D,0.0139
Pr9Ho11Ga16,"['Ga', 'Pr', 'Ho']",-0.5616,-0.007,0.0006,7.3908,3D,0.007
Y5Ho3Ti11Si16W,"['Si', 'Ti', 'Y', 'Ho', 'W']",-0.8026,-0.0412,inf,5.4588,3D,0.0412
Dy4Lu8Tc3Pt,"['Tc', 'Dy', 'Lu', 'Pt']",-0.3077,-0.0389,0.0008,10.2857,3D,0.0389
Tb10IrPdPb6,"['Pd', 'Tb', 'Ir', 'Pb']",-0.6312,-0.011,0.0024,10.1661,3D,0.011
LiTb8InCo2,"['Li', 'Co', 'In', 'Tb']",-0.2094,-0.0217,0.0015,8.1448,intercalated ion,0.0217
HoPu(TaN2)2,"['N', 'Ho', 'Ta', 'Pu']",-1.5511,-0.0297,0.0005,13.5089,3D,0.0297
NdPu(Al5Ru)4,"['Al', 'Ru', 'Nd', 'Pu']",-0.4945,-0.0147,,5.0822,,0.0147
Y3Ho10Th3(MgRh)4,"['Mg', 'Y', 'Rh', 'Ho', 'Th']",-0.4126,-0.0223,0.0077,7.8882,intercalated ion,0.0223
Ag5PdAu4,"['Pd', 'Ag', 'Au']",-0.0761,-0.022,,13.4517,3D,0.022
NdDySn5Ir3,"['Sn', 'Nd', 'Dy', 'Ir']",-0.6457,-0.0659,0.0057,11.2922,3D,0.0659
Dy10Y2Tc3Os,"['Y', 'Tc', 'Dy', 'Os']",-0.1394,-0.0239,0.0028,8.9069,3D,0.0239
CeNd6ErAlPd24,"['Al', 'Pd', 'Ce', 'Nd', 'Er']",-0.8601,-0.0413,0.0104,10.3007,3D,0.0413
ErTh(Al3Rh)3,"['Al', 'Rh', 'Er', 'Th']",-0.8071,-0.0452,0.0066,6.5787,3D,0.0452
Tb4DyY2FeI12,"['Fe', 'Y', 'I', 'Tb', 'Dy']",-1.4536,-0.0449,0.093,5.4491,3D,0.0449
Tm4Tc2Os5Ru,"['Tc', 'Ru', 'Tm', 'Os']",-0.3595,-0.021,0.0041,14.8555,3D,0.021
DyLu(Ni2P)4,"['P', 'Ni', 'Dy', 'Lu']",-0.8329,0.0001,,8.6706,,0.0001
Ho4Ga(SiIr2)2,"['Si', 'Ga', 'Ho', 'Ir']",-1.0248,-0.0646,,12.1985,3D,0.0646
YEr(Lu9Pt8)2,"['Y', 'Er', 'Lu', 'Pt']",-1.236,-0.006,,13.4193,,0.006
TbEr4Mn4(P4Ir5)3,"['P', 'Mn', 'Tb', 'Er', 'Ir']",-0.8678,-0.0579,,13.3623,3D,0.0579
Y7(ErPt6)3,"['Y', 'Er', 'Pt']",-1.1627,-0.0349,0.0027,13.9092,3D,0.0349
Y6Th2MgCdCo2,"['Mg', 'Co', 'Y', 'Cd', 'Th']",-0.2566,-0.0574,0.0056,6.559,3D,0.0574
MnBi3Ru2(PtO7)2,"['O', 'Mn', 'Ru', 'Pt', 'Bi']",-1.4986,-0.0153,0.0044,8.982,3D,0.0153
Lu9Sc(In2Pt)4,"['Sc', 'In', 'Lu', 'Pt']",-0.8112,-0.0107,,10.7719,3D,0.0107
Dy5In4PtRh,"['Rh', 'In', 'Dy', 'Pt']",-0.7481,-0.0363,0.0034,9.6771,3D,0.0363
PrY18ErSn16,"['Y', 'Sn', 'Pr', 'Er']",-0.7811,-0.0068,0.001,6.132,3D,0.0068
Li12La7Tb5(WO6)8,"['Li', 'O', 'La', 'Tb', 'W']",-3.0198,-0.0229,,6.774,intercalated ion,0.0229
Li3GdY2Sn3,"['Li', 'Y', 'Sn', 'Gd']",-0.671,-0.0021,,5.5149,,0.0021
Nd9Lu(SnBi)4,"['Sn', 'Nd', 'Lu', 'Bi']",-0.8481,-0.0354,,8.1414,3D,0.0354
Tb2Dy9TmRu4,"['Ru', 'Tb', 'Dy', 'Tm']",-0.3254,-0.0004,0.0025,9.2306,3D,0.0004
Tb14Pr2MgCd3Ir4,"['Mg', 'Cd', 'Pr', 'Tb', 'Ir']",-0.4948,-0.006,0.0028,9.2558,3D,0.006
Al(SiNi3)2,"['Al', 'Si', 'Ni']",-0.5469,-0.0059,0.012,7.2263,3D,0.0059
RbFePt5O12,"['O', 'Fe', 'Rb', 'Pt']",-1.1681,-0.0634,,8.5775,,0.0634
UNbP3O13,"['O', 'P', 'Nb', 'U']",-2.9285,-0.0225,,3.5871,,0.0225
La2SiPtCl,"['Si', 'Cl', 'La', 'Pt']",-1.5358,-0.0022,,6.7802,2D,0.0022
CeDy3Co4(SnH)4,"['H', 'Co', 'Sn', 'Ce', 'Dy']",-0.5736,-0.045,,8.9286,3D,0.045
TbErPa2(VB4)4,"['B', 'V', 'Tb', 'Er', 'Pa']",-0.7319,-0.1155,0.0023,7.9348,3D,0.1155
Cs11Rb(AlS3)4,"['Al', 'S', 'Rb', 'Cs']",-1.4629,-0.2273,,3.4115,,0.2273
Hf3Zr5Co7Si14Tc,"['Si', 'Co', 'Zr', 'Tc', 'Hf']",-0.7902,-0.0148,0.0023,7.3303,3D,0.0148
ErSc9AlSb5,"['Al', 'Sc', 'Sb', 'Er']",-0.8504,-0.0089,0.0011,5.4054,3D,0.0089
Hf9Zn(ReMo)2,"['Zn', 'Mo', 'Hf', 'Re']",-0.2007,-0.0179,0.003,13.2583,3D,0.0179
Sm3Y5(B6Ru)4,"['B', 'Y', 'Ru', 'Sm']",-0.636,-0.0118,0.0044,6.5701,3D,0.0118
TmHfCrB6,"['B', 'Cr', 'Tm', 'Hf']",-0.8105,-0.0089,0.007,8.8216,3D,0.0089
Tb13Dy7Pb16,"['Tb', 'Dy', 'Pb']",-0.5402,-0.003,,10.1453,3D,0.003
Tb3Dy7Os3Ru,"['Ru', 'Tb', 'Dy', 'Os']",-0.2886,-0.0089,0.0017,10.3809,3D,0.0089
EuLu2Al4Ni9B2,"['B', 'Al', 'Ni', 'Eu', 'Lu']",-0.581,-0.0101,,7.7417,3D,0.0101
TaTi4ZnSn3,"['Ti', 'Zn', 'Sn', 'Ta']",-0.3322,-0.0277,0.0008,8.0151,3D,0.0277
Nd10Ge4OsRu,"['Ge', 'Ru', 'Nd', 'Os']",-0.5625,-0.0346,,7.6765,,0.0346
Sr6ErLu(RhO6)2,"['O', 'Sr', 'Rh', 'Er', 'Lu']",-2.9547,-0.0424,2.1933,6.6073,intercalated ion,0.0424
TbHo3Cd2(CuNi)2,"['Ni', 'Cu', 'Cd', 'Tb', 'Ho']",-0.3894,-0.0237,0.0045,9.1593,3D,0.0237
Dy8Er2CuPPb6,"['P', 'Cu', 'Dy', 'Er', 'Pb']",-0.6631,-0.0333,0.0035,10.1366,3D,0.0333
Y3Tm5Re2(OsC4)2,"['C', 'Y', 'Tm', 'Re', 'Os']",-0.4371,-0.0188,,10.119,3D,0.0188
CaDy3Sc4(ReB6)4,"['B', 'Ca', 'Sc', 'Dy', 'Re']",-0.6939,-0.0476,0.0019,7.715,intercalated ion,0.0476
Na4CaOsO6,"['O', 'Na', 'Ca', 'Os']",-2.0433,-0.0155,0.0017,4.5277,intercalated ion,0.0155
Nd3YAl14(Ga2Ir3)2,"['Al', 'Ga', 'Y', 'Nd', 'Ir']",-0.8275,-0.0097,0.0046,8.015,3D,0.0097
CeTh3(TcN3)4,"['N', 'Tc', 'Ce', 'Th']",-0.975,-0.0932,0.0056,9.2673,3D,0.0932
Np5(O4F)3,"['O', 'F', 'Np']",-3.4308,-0.0355,0.0002,6.2805,3D,0.0355
Li2Pr6Cd21P,"['Li', 'P', 'Cd', 'Pr']",-0.3901,-0.0281,,7.5604,,0.0281
TmLu7(CoAg)2,"['Co', 'Ag', 'Tm', 'Lu']",-0.2737,-0.0137,0.0023,10.3954,3D,0.0137
Pr2NdTm2Sn3,"['Sn', 'Pr', 'Nd', 'Tm']",-0.6941,-0.0056,0.0242,7.6696,3D,0.0056
Ta12Ga4Cu7IrN4,"['N', 'Cu', 'Ga', 'Ta', 'Ir']",-0.5968,-0.0333,,13.4625,3D,0.0333
Cs4Rb2NdInSb4,"['Rb', 'In', 'Sb', 'Cs', 'Nd']",-0.6001,-0.0497,,4.1097,intercalated ion,0.0497
Ca5Lu3(OsC2)4,"['C', 'Ca', 'Lu', 'Os']",-0.2124,-0.0508,,7.9355,intercalated ion,0.0508
K8ThSb4,"['K', 'Sb', 'Th']",-0.5681,-0.0116,,2.9108,intercalated ion,0.0116
Sr4Tb3Sm(BO4)4,"['B', 'O', 'Sr', 'Sm', 'Tb']",-3.4894,-0.0082,4.0546,5.2874,intercalated ion,0.0082
Dy20Ir7PtRh4,"['Rh', 'Dy', 'Ir', 'Pt']",-0.8184,-0.0141,0.0027,11.3938,3D,0.0141
Pr2Nd4RuPtBr6,"['Br', 'Ru', 'Pr', 'Nd', 'Pt']",-1.641,-0.0752,0.0063,6.0595,3D,0.0752
AcLa(Ga3Ni2)2,"['Ni', 'Ga', 'La', 'Ac']",-0.5541,-0.0524,0.002,8.1096,3D,0.0524
NdLu2IrRh8,"['Rh', 'Nd', 'Lu', 'Ir']",-0.5885,-0.0212,0.0015,11.8929,3D,0.0212
SmLu2Bi5O14,"['O', 'Sm', 'Lu', 'Bi']",-2.42,-0.0346,,8.9673,,0.0346
Tb3Ho5Ta8(TiSi4)4,"['Si', 'Ti', 'Tb', 'Ho', 'Ta']",-0.7487,-0.0357,0.0006,8.7449,3D,0.0357
TbNd11Co2I17,"['Co', 'I', 'Nd', 'Tb']",-1.3922,-0.0865,0.002,5.4199,3D,0.0865
Tb6P13PtRh19,"['P', 'Rh', 'Tb', 'Pt']",-1.0535,-0.0462,0.0006,9.5395,3D,0.0462
Rb4Y4BiSb7Se20,"['Se', 'Rb', 'Y', 'Sb', 'Bi']",-1.1965,-0.0179,0.9613,4.9123,intercalated ion,0.0179
Hg3Ru2F12,"['F', 'Ru', 'Hg']",-1.8647,-0.0621,0.581,5.3751,2D,0.0621
Ba4MgNi(SeO3)6,"['O', 'Mg', 'Ni', 'Se', 'Ba']",-2.1095,-0.0127,,4.4198,intercalated ion,0.0127
YEr4TmFeBi2,"['Fe', 'Y', 'Er', 'Tm', 'Bi']",-0.4458,-0.0158,,9.4208,3D,0.0158
TbHo7(TmGa5)4,"['Ga', 'Tb', 'Ho', 'Tm']",-0.6465,-0.0039,0.0019,8.4065,3D,0.0039
Tb4VTc3F28,"['F', 'V', 'Tc', 'Tb']",-3.4505,-0.0759,0.9636,4.713,3D,0.0759
Nd5Y(CBr5)2,"['C', 'Br', 'Y', 'Nd']",-1.9472,-0.1812,0.6107,4.6711,3D,0.1812
Tb3Y5(LuSn4)2,"['Y', 'Sn', 'Tb', 'Lu']",-0.7623,-0.013,,7.3151,3D,0.013
Eu3BeN3,"['Be', 'N', 'Eu']",-1.1772,-0.18,0.0001,7.301,3D,0.18
Tb4Y7Tm5(CdNi)4,"['Ni', 'Y', 'Cd', 'Tb', 'Tm']",-0.3094,-0.0069,,7.5873,3D,0.0069
Nd6Ho3LuSn6,"['Sn', 'Nd', 'Ho', 'Lu']",-0.7037,-0.0084,0.0,7.7186,3D,0.0084
Nd9LuPb6,"['Nd', 'Lu', 'Pb']",-0.5334,-0.0022,0.0013,8.6726,3D,0.0022
La5NdTh2(ZnRh)8,"['Zn', 'Rh', 'La', 'Nd', 'Th']",-0.7082,-0.0243,0.0069,8.7573,3D,0.0243
CeHo(PPt)2,"['P', 'Ce', 'Ho', 'Pt']",-1.3509,-0.1276,0.0043,10.7867,3D,0.1276
ErCo6SiGe3,"['Si', 'Co', 'Ge', 'Er']",-0.4658,-0.0323,0.0041,8.8709,3D,0.0323
La3PrNdIr2,"['La', 'Pr', 'Nd', 'Ir']",-0.544,-0.0064,,8.5314,3D,0.0064
Ho4Ga3MoOs4,"['Ga', 'Mo', 'Ho', 'Os']",-0.4426,-0.0102,,12.9498,3D,0.0102
LaPr2Sm9(SiI3)4,"['Si', 'I', 'La', 'Pr', 'Sm']",-1.3444,-0.12,0.0032,5.9221,3D,0.12
DyCo4(Ni4B3)2,"['B', 'Co', 'Ni', 'Dy']",-0.3891,-0.0051,0.0036,8.1338,3D,0.0051
TbDy3As6Rh7,"['As', 'Rh', 'Tb', 'Dy']",-1.0071,-0.0653,0.0093,10.1267,3D,0.0653
Y4Er4B24MoOs3,"['B', 'Y', 'Mo', 'Er', 'Os']",-0.6651,-0.0103,,8.3931,3D,0.0103
SrYZr2(Ga3Ir)6,"['Ga', 'Sr', 'Y', 'Zr', 'Ir']",-0.5839,-0.0263,,9.7764,intercalated ion,0.0263
ErLu4Ag5,"['Ag', 'Er', 'Lu']",-0.3599,-0.086,,10.2437,3D,0.086
TmLu4Tl3InPt2,"['In', 'Tm', 'Lu', 'Pt', 'Tl']",-0.7175,-0.0342,0.0083,12.4947,3D,0.0342
Ho13Er3MgIn3Ir4,"['Mg', 'In', 'Ho', 'Er', 'Ir']",-0.559,-0.0055,0.007,9.9394,3D,0.0055
CaSm(Ga2Ag)2,"['Ca', 'Ga', 'Ag', 'Sm']",-0.47,-0.0181,0.0064,6.9948,intercalated ion,0.0181
Sr2Li4ErLuSi8,"['Li', 'Si', 'Sr', 'Er', 'Lu']",-0.4354,-0.0227,,4.0194,intercalated ion,0.0227
ErSc(NbN2)2,"['N', 'Sc', 'Nb', 'Er']",-1.7127,-0.0771,0.1231,8.1611,3D,0.0771
Tb4Ho3Er3(CoBi2)2,"['Co', 'Tb', 'Ho', 'Er', 'Bi']",-0.5656,-0.0162,0.0007,9.7086,3D,0.0162
ErTmGa10Ru3,"['Ga', 'Ru', 'Er', 'Tm']",-0.524,-0.0127,0.002,8.7845,3D,0.0127
HoTm5Mn6O18,"['O', 'Mn', 'Ho', 'Tm']",-3.0955,-0.0001,,7.1651,,0.0001
Tb15Er5Ir11Ru,"['Ru', 'Tb', 'Er', 'Ir']",-0.7837,-0.0144,0.0016,11.8924,3D,0.0144
Rb10BaSr(NbAs4)2,"['As', 'Rb', 'Sr', 'Nb', 'Ba']",-0.5748,-0.0415,,3.7147,intercalated ion,0.0415
Lu10GaSn3Sb2,"['Ga', 'Sn', 'Sb', 'Lu']",-0.73,-0.0123,0.0021,9.6525,3D,0.0123
Cs4AlGa7Au12,"['Al', 'Ga', 'Cs', 'Au']",-0.332,-0.0072,0.0041,9.8691,3D,0.0072
Ho3TmRu8,"['Ru', 'Ho', 'Tm']",-0.3527,0.0009,,11.4784,,0.0009
NdSm3Pd3PtO14,"['O', 'Pd', 'Nd', 'Sm', 'Pt']",-2.3081,-0.1042,0.599,7.792,3D,0.1042
La5ErZn4Pt13,"['Zn', 'La', 'Er', 'Pt']",-1.001,-0.0456,0.0078,13.1502,3D,0.0456
LaHoCu2(AsH)2,"['H', 'Cu', 'As', 'La', 'Ho']",-0.8029,-0.0141,0.0144,7.7459,3D,0.0141
TbDy4Zn2Bi,"['Zn', 'Tb', 'Dy', 'Bi']",-0.4148,-0.0093,,8.8393,3D,0.0093
Sm2Dy(MgHg)3,"['Mg', 'Sm', 'Dy', 'Hg']",-0.3919,-0.0404,0.0134,8.2828,3D,0.0404
DyEr19Si15Rh,"['Si', 'Rh', 'Dy', 'Er']",-0.7531,-0.0057,0.0031,7.9148,3D,0.0057
Dy10Y3Er3(InRh)4,"['Y', 'Rh', 'In', 'Dy', 'Er']",-0.5569,-0.0049,0.001,8.5184,3D,0.0049
AcLu(GeAu)2,"['Ge', 'Lu', 'Au', 'Ac']",-0.8116,-0.1434,0.0115,11.2337,3D,0.1434
Tm3TcB7,"['B', 'Tc', 'Tm']",-0.6826,-0.0789,0.0063,8.9499,3D,0.0789
Ho10Er2Ni4SnPd,"['Ni', 'Pd', 'Sn', 'Ho', 'Er']",-0.4452,-0.0106,0.0023,9.1975,3D,0.0106
Dy4Y11Tm(InRh)4,"['Y', 'Rh', 'In', 'Dy', 'Tm']",-0.5586,-0.0132,0.0061,6.8985,3D,0.0132
Na3Tb4EuTe8,"['Na', 'Te', 'Eu', 'Tb']",-1.5824,-0.073,0.0221,6.1235,intercalated ion,0.073
U6Ti2AsP9,"['P', 'Ti', 'As', 'U']",-0.9988,-0.0031,0.0018,9.723,intercalated ion,0.0031
HoLu10ThCo4,"['Co', 'Ho', 'Lu', 'Th']",-0.2199,-0.0072,0.0015,10.1243,3D,0.0072
Pr20Sn9Sb7,"['Sn', 'Sb', 'Pr']",-0.9604,-0.0246,,6.7751,3D,0.0246
TbTm3Al2(GaRh2)2,"['Al', 'Ga', 'Rh', 'Tb', 'Tm']",-0.9279,-0.0177,0.0067,9.3002,3D,0.0177
TbEr9Co2Br15,"['Co', 'Br', 'Tb', 'Er']",-1.8223,-0.0487,,6.031,3D,0.0487
Dy3YTc2(B8Ru)2,"['B', 'Y', 'Tc', 'Ru', 'Dy']",-0.6319,-0.0192,0.0059,7.7425,3D,0.0192
Tm2Mn6Fe5CoP7,"['P', 'Mn', 'Fe', 'Co', 'Tm']",-0.7619,-0.0297,0.0041,7.8365,3D,0.0297
KGdHo2F10,"['F', 'K', 'Gd', 'Ho']",-4.2776,-0.0294,,5.9151,,0.0294
Pr3ThMg2(Zn4Sn)2,"['Mg', 'Zn', 'Sn', 'Pr', 'Th']",-0.4366,-0.0138,,6.8332,3D,0.0138
LiPr6Zn22P,"['Li', 'P', 'Zn', 'Pr']",-0.4066,-0.0097,,6.8205,,0.0097
NpCl6,"['Cl', 'Np']",-1.8524,-0.4739,0.5827,2.7635,0D,0.4739
TbPr3(ScSb5)4,"['Sc', 'Sb', 'Pr', 'Tb']",-0.729,-0.0356,,6.7303,,0.0356
Rb5Np(PS4)3,"['P', 'S', 'Rb', 'Np']",-1.2032,-0.0274,,2.9981,intercalated ion,0.0274
Hf2UTc4Mo,"['Mo', 'Tc', 'Hf', 'U']",-0.2957,-0.0127,0.0023,13.062,3D,0.0127
Tb2Ge2P5Rh12,"['P', 'Ge', 'Rh', 'Tb']",-0.8808,-0.0305,,9.6743,3D,0.0305
YHoEr10(GaCo2)2,"['Co', 'Ga', 'Y', 'Ho', 'Er']",-0.3109,-0.0072,0.0113,9.0746,3D,0.0072
DyY2Ho9Co5Sn,"['Co', 'Y', 'Sn', 'Dy', 'Ho']",-0.295,-0.023,0.0033,8.6387,3D,0.023
Lu4AlGa17Ir6,"['Al', 'Ga', 'Lu', 'Ir']",-0.6469,-0.0836,,10.8989,,0.0836
Zr3Al3Zn2Co,"['Al', 'Co', 'Zn', 'Zr']",-0.528,-0.0595,0.0099,5.8771,3D,0.0595
Li2Pr8Y10Si15As,"['Li', 'Si', 'As', 'Y', 'Pr']",-0.7808,-0.0354,,4.8544,intercalated ion,0.0354
ZrPa5(AlPt)6,"['Al', 'Zr', 'Pt', 'Pa']",-0.9207,-0.1599,0.0014,12.1039,3D,0.1599
HoLuFe3Co,"['Fe', 'Co', 'Ho', 'Lu']",-0.1864,-0.0074,0.0029,10.0726,3D,0.0074
Er3ScB8(Mo2Ru3)2,"['B', 'Sc', 'Mo', 'Ru', 'Er']",-0.5472,-0.0156,0.004,9.7344,3D,0.0156
La16MgCd3RePt3,"['Mg', 'Cd', 'La', 'Re', 'Pt']",-0.4276,-0.0071,0.0016,7.4095,3D,0.0071
Ti4TcMoIr2,"['Ti', 'Mo', 'Tc', 'Ir']",-0.7513,-0.0102,0.0057,10.5925,3D,0.0102
Zr6MnAl(Ir2N)2,"['N', 'Al', 'Mn', 'Zr', 'Ir']",-1.1686,-0.0847,0.0012,10.6375,3D,0.0847
SmGd5(RuI3)2,"['Ru', 'I', 'Sm', 'Gd']",-1.2117,-0.6108,,6.702,,0.6108
Er19MgIr11Ru,"['Mg', 'Ru', 'Er', 'Ir']",-0.8187,-0.0088,0.0011,12.3572,3D,0.0088
LuSc(IrO4)2,"['O', 'Sc', 'Lu', 'Ir']",-2.3696,-0.0403,0.0049,8.6754,3D,0.0403
TbDy5Al17Si7Os8,"['Al', 'Si', 'Tb', 'Dy', 'Os']",-0.6598,-0.0454,0.0065,8.3971,3D,0.0454
TbTm3(InGa2)2,"['Ga', 'In', 'Tb', 'Tm']",-0.5994,-0.0264,0.0081,8.5867,3D,0.0264
Dy3Er(CoOs3)2,"['Co', 'Dy', 'Er', 'Os']",-0.2984,-0.0062,0.0085,15.1884,3D,0.0062
Tb16Cd2CoHg2Ir3,"['Co', 'Cd', 'Tb', 'Ir', 'Hg']",-0.4739,-0.0142,0.004,9.9781,3D,0.0142
Tb3ThAl7Ga11Ir6,"['Al', 'Ga', 'Tb', 'Ir', 'Th']",-0.7614,-0.0166,0.0169,9.7915,3D,0.0166
LiCd4Pd11,"['Li', 'Pd', 'Cd']",-0.319,-0.0062,0.0035,10.2817,intercalated ion,0.0062
Tb4AlI6,"['Al', 'I', 'Tb']",-1.362,-0.0762,0.0103,5.2242,3D,0.0762
PrNd13Pd5Ru,"['Ru', 'Pd', 'Pr', 'Nd']",-0.45,-0.001,0.0013,7.5626,3D,0.001
Pr10AgSn4Bi2Br,"['Br', 'Ag', 'Sn', 'Pr', 'Bi']",-0.8636,-0.0302,,7.5259,3D,0.0302
K2Ni2PtO6,"['O', 'K', 'Ni', 'Pt']",-1.2817,-0.1093,,5.3593,,0.1093
Dy3Tm3Al24Os7Au,"['Al', 'Dy', 'Tm', 'Os', 'Au']",-0.5971,-0.0195,0.0023,8.1402,3D,0.0195
Tb4Al18ZnCo2Ir3,"['Al', 'Co', 'Zn', 'Tb', 'Ir']",-0.678,-0.0123,,6.6696,3D,0.0123
Y5Er3Sc2Si5Ge,"['Si', 'Sc', 'Ge', 'Y', 'Er']",-0.7449,-0.0212,,5.5296,3D,0.0212
NdDySbTe,"['Sb', 'Te', 'Nd', 'Dy']",-1.4603,-0.0346,0.0035,7.4282,3D,0.0346
LuNpB6Ru,"['B', 'Ru', 'Lu', 'Np']",-0.601,-0.0285,,10.4837,3D,0.0285
Er4Tm16CoNi3Sb8,"['Co', 'Ni', 'Sb', 'Er', 'Tm']",-0.7638,-0.0146,0.0002,9.2584,3D,0.0146
Zr4CdInAu4,"['Zr', 'Cd', 'In', 'Au']",-0.4933,-0.031,0.0044,11.0366,3D,0.031
Sm2Mn3Fe8CoP7,"['P', 'Mn', 'Fe', 'Co', 'Sm']",-0.7237,-0.0251,,7.551,3D,0.0251
Mn24Ru5,"['Mn', 'Ru']",-0.0097,-0.0088,0.0024,9.1673,3D,0.0088
Np2AsHN,"['H', 'N', 'As', 'Np']",-0.8757,-0.0409,0.0014,10.9509,intercalated ion,0.0409
Tb11In(Hg2Pd)4,"['Pd', 'In', 'Tb', 'Hg']",-0.6446,-0.0177,0.0018,10.9109,3D,0.0177
Dy5Si9P3Ir14Rh5,"['Si', 'P', 'Rh', 'Dy', 'Ir']",-1.0174,-0.1228,,12.9094,3D,0.1228
CaHf2ScAs4,"['Ca', 'Sc', 'As', 'Hf']",-1.1458,-0.0313,0.0047,7.0677,intercalated ion,0.0313
Nd3Er2Si12Ir19,"['Si', 'Nd', 'Er', 'Ir']",-0.9479,-0.0499,0.003,13.7425,3D,0.0499
PaB2,"['B', 'Pa']",-0.6551,-0.4767,0.0067,11.6729,3D,0.4767
Rb2NaIn(AsS2)6,"['Na', 'S', 'As', 'Rb', 'In']",-0.7548,-0.0415,,3.1274,intercalated ion,0.0415
LuMg(ZnPt)2,"['Mg', 'Zn', 'Lu', 'Pt']",-0.8209,-0.0275,0.051,10.9979,3D,0.0275
Ta7Ti3Si5Ge,"['Si', 'Ti', 'Ge', 'Ta']",-0.6752,-0.0466,0.0098,10.5907,3D,0.0466
LuTaC2,"['C', 'Lu', 'Ta']",-0.5939,-0.1165,0.026,12.4584,3D,0.1165
CeGd3F12,"['F', 'Ce', 'Gd']",-4.3794,-0.2215,,6.5428,,0.2215
Y10Sn3Bi3Se,"['Se', 'Y', 'Sn', 'Bi']",-0.9643,-0.039,,6.7845,,0.039
Li4TbUS6,"['Li', 'S', 'Tb', 'U']",-1.7776,-0.0455,0.4988,4.3658,intercalated ion,0.0455
DyEr4Tm(Sb4Au3)2,"['Sb', 'Dy', 'Er', 'Tm', 'Au']",-0.8579,-0.0687,0.566,10.7381,3D,0.0687
Y3Pa(CoB4)4,"['B', 'Co', 'Y', 'Pa']",-0.5854,-0.0823,0.004,6.5567,3D,0.0823
HoEr(SiRh)2,"['Si', 'Rh', 'Ho', 'Er']",-1.0652,0.0001,,9.1683,,0.0001
Dy4Ho2NiBr10,"['Ni', 'Br', 'Dy', 'Ho']",-1.9399,-0.1139,0.533,5.5095,3D,0.1139
PrNdGa(SiRh2)3,"['Si', 'Ga', 'Rh', 'Pr', 'Nd']",-0.9857,-0.0486,0.0103,8.6637,3D,0.0486
Er7Tm5(Si3Pt)4,"['Si', 'Er', 'Tm', 'Pt']",-0.9812,-0.0127,0.0009,9.5322,3D,0.0127
Ho2Si5Os3,"['Si', 'Ho', 'Os']",-0.7232,-0.0693,0.0035,10.4213,3D,0.0693
Tb12Sm8Si15Pb,"['Si', 'Sm', 'Tb', 'Pb']",-0.7091,-0.0032,,7.1036,,0.0032
Hf2ZrNi8Ir,"['Ni', 'Zr', 'Hf', 'Ir']",-0.5482,-0.0056,0.0239,11.5027,3D,0.0056
SmHo2Er2(In2Pt)2,"['In', 'Sm', 'Ho', 'Er', 'Pt']",-0.8121,-0.0035,0.0029,10.255,3D,0.0035
Y5Er3(B6Os)4,"['B', 'Y', 'Er', 'Os']",-0.6684,-0.0089,,8.4863,3D,0.0089
Cs2NdU(CuTe3)2,"['Cu', 'Te', 'Cs', 'Nd', 'U']",-1.0719,-0.0618,,5.8584,intercalated ion,0.0618
Eu16O25,"['O', 'Eu']",-3.2075,-0.1139,,7.2159,3D,0.1139
Sr2TbHoF10,"['F', 'Sr', 'Tb', 'Ho']",-4.3709,-0.0047,7.1167,5.7801,intercalated ion,0.0047
Ca6V3Si6MoO24,"['O', 'Si', 'Ca', 'V', 'Mo']",-3.1954,-0.0001,,3.7331,,0.0001
Tb3SmAl18Rh5Au,"['Al', 'Rh', 'Sm', 'Tb', 'Au']",-0.7936,-0.013,,6.3096,,0.013
Ti8Ga15Fe4Rh3,"['Ti', 'Fe', 'Ga', 'Rh']",-0.5062,-0.0222,0.0029,7.3618,3D,0.0222
Ho20Ir7Ru5,"['Ru', 'Ho', 'Ir']",-0.6727,-0.0314,0.0039,11.4714,3D,0.0314
MgZr10HgBi4,"['Mg', 'Zr', 'Hg', 'Bi']",-0.3035,-0.0418,,8.8214,3D,0.0418
Ho2Mn5NiP7Ir6,"['P', 'Mn', 'Ni', 'Ho', 'Ir']",-0.7717,-0.0937,0.0032,11.4107,3D,0.0937
U4Tc7GeAs3P2,"['P', 'Ge', 'As', 'Tc', 'U']",-0.6351,-0.1265,0.001,11.6988,3D,0.1265
Er7Lu8Th(CdPt)4,"['Cd', 'Er', 'Lu', 'Pt', 'Th']",-0.6257,-0.0039,0.0051,10.806,3D,0.0039
La7TbSnPd24,"['Pd', 'Sn', 'La', 'Tb']",-0.8564,-0.0368,0.0022,9.9886,3D,0.0368
Pa(Al2Cr)4,"['Al', 'Cr', 'Pa']",-0.187,-0.0142,0.0031,5.4674,3D,0.0142
Nd3Sc5(ReB6)4,"['B', 'Sc', 'Nd', 'Re']",-0.6751,-0.0318,0.0145,7.3539,3D,0.0318
Sc10H21,"['H', 'Sc']",-0.7651,-0.0064,0.0042,2.8741,intercalated ion,0.0064
Y2HoMn3O9,"['O', 'Mn', 'Y', 'Ho']",-3.0489,-0.0005,,5.5905,,0.0005
Dy3Y(ErBi)6,"['Y', 'Dy', 'Er', 'Bi']",-0.6899,-0.0263,0.0035,10.0062,3D,0.0263
Dy6CrCo14(P4Rh)3,"['P', 'Cr', 'Co', 'Rh', 'Dy']",-0.9794,-0.0369,,8.5949,3D,0.0369
Tm4Sc8TlNi4Sn,"['Sc', 'Ni', 'Sn', 'Tm', 'Tl']",-0.4035,-0.0186,,6.6961,3D,0.0186
LaPr2CdHg2Pd3,"['Pd', 'Cd', 'La', 'Pr', 'Hg']",-0.6881,-0.0001,0.0075,9.6591,3D,0.0001
Tb6Er4(InSb)3,"['In', 'Sb', 'Tb', 'Er']",-0.7046,-0.0152,0.0033,8.512,3D,0.0152
Tb2ErLu(Ga3Rh)6,"['Ga', 'Rh', 'Tb', 'Er', 'Lu']",-0.7003,-0.0001,0.0042,8.9201,3D,0.0001
Rb12Na8Ta(TiAs4)3,"['Na', 'Ti', 'As', 'Rb', 'Ta']",-0.5364,-0.0811,inf,3.5583,intercalated ion,0.0811
PrNdGa12Ir,"['Ga', 'Pr', 'Nd', 'Ir']",-0.4354,-0.0114,0.0043,7.418,3D,0.0114
Nd2HoBe2(PPd5)4,"['Be', 'P', 'Pd', 'Nd', 'Ho']",-0.7157,-0.0223,,9.8727,intercalated ion,0.0223
